timestamp,event_type,details
2025-11-25T02:13:56,multi_person,count=2
2025-11-25T02:13:57,phone_detected,count=1
2025-11-25T02:14:02,phone_detected,count=1
2025-11-25T02:14:03,multi_person,count=2
2025-11-25 02:20:14,TEST_START,Proctor logger test initialized
2025-11-25 02:20:14,FACE_MISMATCH,similarity=0.310
2025-11-25 02:20:14,MULTIPLE_FACES,faces=2
2025-11-25 02:20:14,LOOK_AWAY,Right
2025-11-25 02:20:14,PHONE_DETECTED,count=1
2025-11-25 02:20:14,BOOK_DETECTED,count=1
2025-11-25 02:20:14,NO_FACE_DETECTED,User not visible
2025-11-25 02:20:14,MULTIPLE_PERSON_DETECTED,count=2
2025-11-25 02:20:14,TEST_END,Logger test complete
2025-11-25 02:28:49,LOOK_AWAY,"Up"
2025-11-25 02:28:50,PHONE_DETECTED,"count=1"
2025-11-25 02:28:52,LOOK_AWAY,"Up"
2025-11-25 02:28:55,LOOK_AWAY,"Right"
2025-11-25 02:28:58,LOOK_AWAY,"Up"
2025-11-25 02:29:01,LOOK_AWAY,"Up"
2025-11-25 02:29:04,MULTIPLE_PERSON_DETECTED,"count=2"
2025-11-25 02:29:06,NO_FACE_DETECTED,"User not visible"
2025-11-25 02:29:08,LOOK_AWAY,"Up"
2025-11-25 02:29:11,LOOK_AWAY,"Up"
2025-11-25 02:29:14,PHONE_DETECTED,"count=1"
2025-11-25 02:29:14,LOOK_AWAY,"Up"
2025-11-25 02:29:18,LOOK_AWAY,"Left"
2025-11-25 02:29:19,MULTIPLE_PERSON_DETECTED,"count=2"
2025-11-25 02:29:21,LOOK_AWAY,"Down"
2025-11-25 02:29:24,LOOK_AWAY,"Up"
2025-11-25 02:29:27,LOOK_AWAY,"Up"
2025-11-25 02:29:31,LOOK_AWAY,"Up"
2025-11-25 02:29:35,LOOK_AWAY,"Up"
2025-11-25 02:29:38,LOOK_AWAY,"Up"
2025-11-25 02:29:42,LOOK_AWAY,"Up"
2025-11-25 02:29:43,PHONE_DETECTED,"count=1"
2025-11-25 02:29:45,LOOK_AWAY,"Right"
2025-11-25 02:29:49,LOOK_AWAY,"Right"
2025-11-25 02:29:52,LOOK_AWAY,"Up"
2025-11-25 02:29:55,FACE_MISMATCH,"similarity=0.479"
2025-11-25 02:29:55,LOOK_AWAY,"Up"
2025-11-25 02:29:57,PHONE_DETECTED,"count=1"
2025-11-25 02:29:58,LOOK_AWAY,"Up"
2025-11-25 02:30:00,MULTIPLE_PERSON_DETECTED,"count=2"
2025-11-25 02:30:01,LOOK_AWAY,"Up"
2025-11-25 02:30:02,FACE_MISMATCH,"similarity=0.351"
2025-11-25 17:31:48,MULTIPLE_PERSON_DETECTED,"count=2"
2025-11-25 17:31:48,MULTIPLE_FACES,"faces=2"
2025-11-25 17:31:48,LOOK_AWAY,"Up"
2025-11-25 17:31:51,FACE_MISMATCH,"similarity=0.432"
2025-11-25 17:31:52,LOOK_AWAY,"Up"
2025-11-25 17:31:53,MULTIPLE_PERSON_DETECTED,"count=2"
2025-11-25 17:31:53,MULTIPLE_FACES,"faces=2"
2025-11-25 17:31:55,LOOK_AWAY,"Up"
2025-11-25 17:31:58,LOOK_AWAY,"Up"
2025-11-25 17:31:58,MULTIPLE_FACES,"faces=2"
2025-11-25 17:31:59,MULTIPLE_PERSON_DETECTED,"count=2"
2025-11-25 17:32:01,LOOK_AWAY,"Up"
2025-11-25 17:32:05,LOOK_AWAY,"Up"
2025-11-25 17:32:08,LOOK_AWAY,"Up"
2025-11-25 17:32:11,LOOK_AWAY,"Up"
2025-11-25 17:32:11,MULTIPLE_PERSON_DETECTED,"count=2"
2025-11-25 17:32:14,LOOK_AWAY,"Up"
2025-11-25 17:32:16,MULTIPLE_FACES,"faces=2"
2025-11-25 17:32:16,MULTIPLE_PERSON_DETECTED,"count=2"
2025-11-25 17:32:17,LOOK_AWAY,"Up"
2025-11-25 17:32:19,FACE_MISMATCH,"similarity=0.524"
2025-11-25 17:32:21,LOOK_AWAY,"Up"
2025-11-25 17:32:21,PHONE_DETECTED,"count=1"
2025-11-25 17:32:22,MULTIPLE_PERSON_DETECTED,"count=2"
2025-11-25 17:32:25,FACE_MISMATCH,"similarity=-0.034"
2025-11-25 17:32:25,LOOK_AWAY,"Up"
2025-11-25 17:32:25,MULTIPLE_FACES,"faces=2"
2025-11-25 17:32:27,MULTIPLE_PERSON_DETECTED,"count=3"
2025-11-25 17:32:28,LOOK_AWAY,"Up"
2025-11-25 17:32:32,LOOK_AWAY,"Up"
2025-11-25 17:32:32,MULTIPLE_PERSON_DETECTED,"count=2"
2025-11-25 17:32:34,FACE_MISMATCH,"similarity=0.217"
2025-11-25 17:32:36,LOOK_AWAY,"Up"
2025-11-25 17:32:38,MULTIPLE_PERSON_DETECTED,"count=2"
2025-11-25 17:32:39,LOOK_AWAY,"Right"
2025-11-25 17:32:43,LOOK_AWAY,"Up"
2025-11-25 17:32:44,MULTIPLE_PERSON_DETECTED,"count=2"
2025-11-25 17:32:46,LOOK_AWAY,"Up"
2025-11-25 17:32:48,MULTIPLE_FACES,"faces=2"
2025-11-25 17:32:49,LOOK_AWAY,"Up"
2025-11-25 17:32:49,MULTIPLE_PERSON_DETECTED,"count=2"
2025-11-25 17:32:52,LOOK_AWAY,"Up"
2025-11-25 19:15:36,MULTIPLE_FACES,"faces=2"
2025-11-25 19:15:36,FACE_MISMATCH,"similarity=0.009"
2025-11-25 19:15:37,LOOK_AWAY,"Up"
2025-11-25 19:15:37,MULTIPLE_PERSON_DETECTED,"count=2"
2025-11-25 19:15:40,LOOK_AWAY,"Up"
2025-11-25 19:15:41,MULTIPLE_FACES,"faces=2"
2025-11-25 19:15:42,FACE_MISMATCH,"similarity=0.395"
2025-11-25 19:15:43,MULTIPLE_PERSON_DETECTED,"count=2"
2025-11-25 19:15:44,LOOK_AWAY,"Up"
2025-11-25 19:15:47,FACE_MISMATCH,"similarity=0.015"
2025-11-25 19:15:47,LOOK_AWAY,"Down"
2025-11-25 19:15:50,LOOK_AWAY,"Right"
2025-11-25 19:15:54,LOOK_AWAY,"Up"
2025-11-25 19:15:55,FACE_MISMATCH,"similarity=-0.052"
2025-11-25 19:15:57,LOOK_AWAY,"Up"
2025-11-25 19:15:59,PHONE_DETECTED,"count=1"
2025-11-25 19:16:00,MULTIPLE_PERSON_DETECTED,"count=2"
2025-11-25 19:16:02,FACE_MISMATCH,"similarity=0.334"
2025-11-25 19:16:02,LOOK_AWAY,"Up"
2025-11-25 19:16:05,LOOK_AWAY,"Up"
2025-11-25 19:16:07,FACE_MISMATCH,"similarity=0.458"
2025-11-25 19:16:08,LOOK_AWAY,"Up"
2025-11-25 19:16:08,MULTIPLE_FACES,"faces=2"
2025-11-25 19:16:08,MULTIPLE_PERSON_DETECTED,"count=2"
2025-11-25 19:16:15,NO_FACE_DETECTED,"User not visible"
2025-11-25 19:16:18,LOOK_AWAY,"Up"
2025-11-25 19:16:19,MULTIPLE_FACES,"faces=2"
2025-11-25 19:16:19,FACE_MISMATCH,"similarity=0.007"
2025-11-25 19:16:21,LOOK_AWAY,"Up"
2025-11-25 19:16:24,LOOK_AWAY,"Up"
2025-11-25 19:16:25,PHONE_DETECTED,"count=1"
2025-11-25 19:16:27,FACE_MISMATCH,"similarity=0.172"
2025-11-25 19:16:28,LOOK_AWAY,"Up"
2025-11-25 19:16:31,LOOK_AWAY,"Up"
2025-11-25 19:16:34,FACE_MISMATCH,"similarity=0.536"
2025-11-25 19:16:34,LOOK_AWAY,"Up"
