filename,p0,p1,p2,p3,p4,p5,p6,p7,p8,p9,p10,p11,p12,p13,p14,p15,p16,p17,p18,p19,p20,p21,p22,p23,p24,p25,p26,p27,p28,p29,p30,p31,p32,p33,p34,p35,p36,p37,p38,p39,p40,p41,p42,p43,p44,p45,p46,p47,p48,p49,p50,p51,p52,p53,p54,p55,p56,p57,p58,p59,p60,p61,p62,label,label_id
0014-2e0a80d8-4d97-4d79-b240-148b3664681a_jpg.rf.3a6a224118a480f92f7afbdfb3fee1d8.jpg,0.354854553937912,0.3771161437034607,-2.079068224247749e-07,0.3813284337520599,0.3609726727008819,0.0004687922191806,0.3999490439891815,0.3355705142021179,-0.0008746094536036,0.4128031730651855,0.3132052421569824,-0.005721082445234,0.4268319010734558,0.2958315312862396,-0.0091441329568624,0.3834515511989593,0.2978349924087524,0.0117170978337526,0.3941543996334076,0.2666155993938446,0.001062819501385,0.4048943221569061,0.2840829789638519,-0.008166586048901,0.4022222459316253,0.301492840051651,-0.0123086171224713,0.3755392730236053,0.2949269711971283,0.0058462521992623,0.3872926533222198,0.2618336379528045,-0.0023899250663816,0.3984149098396301,0.2820430994033813,-0.008850977756083,0.3948922455310821,0.3013807535171509,-0.0116314832121133,0.3649332821369171,0.293687492609024,-0.0019712701905518,0.3770881295204162,0.2633311748504638,-0.0101556368172168,0.3896398246288299,0.2822732329368591,-0.0104141067713499,0.3886658251285553,0.3021398782730102,-0.0082272728905081,0.3518334925174713,0.2948067486286163,-0.0102571593597531,0.3642585277557373,0.2695444226264953,-0.0160769503563642,0.3787057101726532,0.27970090508461,-0.0141180092468857,0.3822847604751587,0.2956266105175018,-0.0109519502148032,bye,0
0010-8ff274ae-29a0-48fb-a6e0-10500b02f9e5_jpg.rf.5814b2f326b08cf68b50bdc43f60cb30.jpg,0.4894021153450012,0.6587823629379272,2.008355437510545e-07,0.483479768037796,0.6122519373893738,-0.0086527373641729,0.4945413768291473,0.5705832242965698,-0.0169548019766807,0.5039742588996887,0.5388149619102478,-0.0248746387660503,0.5051319599151611,0.5127451419830322,-0.0332221612334251,0.5496863722801208,0.5819072723388672,-0.0157277435064315,0.584790825843811,0.5566615462303162,-0.027535606175661,0.6086105704307556,0.5410884618759155,-0.0369987487792968,0.627744197845459,0.5293595790863037,-0.0434167459607124,0.5625209212303162,0.6016274094581604,-0.0200049132108688,0.6002980470657349,0.5753664970397949,-0.0290472451597452,0.6261361241340637,0.5590488910675049,-0.0362266078591346,0.6478109955787659,0.547119677066803,-0.0416352935135364,0.5693665742874146,0.6245760917663574,-0.0250645671039819,0.6061689853668213,0.5990470051765442,-0.0340006537735462,0.6283794045448303,0.5843933820724487,-0.0385873056948185,0.6459169983863831,0.5737274289131165,-0.0415414273738861,0.5721715688705444,0.6496572494506836,-0.0307887326925992,0.6013801693916321,0.632760763168335,-0.0386375524103641,0.6197047233581543,0.6217008829116821,-0.0399071797728538,0.6356985569000244,0.6132746934890747,-0.039993368089199,please,3
0020-7ebab096-5a89-4cb6-8d48-0ad7c7025815_jpg.rf.36d70021f01622d21fd6ef117bc2487b.jpg,0.4212523698806762,0.4102847576141357,-2.26459846430771e-07,0.4394715428352356,0.4113286137580871,-0.0070806955918669,0.4537120759487152,0.4152792692184448,-0.0167995505034923,0.4583066999912262,0.4174072742462158,-0.0270501896739006,0.4553973972797394,0.4188240468502044,-0.0370401069521904,0.4541391134262085,0.3564576208591461,-0.0125323170796036,0.4622909724712372,0.3845028579235077,-0.026125181466341,0.4572442770004272,0.4027827084064483,-0.0363771058619022,0.4532517492771148,0.4127765893936157,-0.0419088155031204,0.4398341774940491,0.354142963886261,-0.0148875508457422,0.4467649757862091,0.3933695554733276,-0.0245562493801116,0.4421243965625763,0.4139878749847412,-0.0287100337445735,0.4395041763782501,0.4243864417076111,-0.0308689977973699,0.4252848625183105,0.3592982590198517,-0.0179230161011219,0.4332348108291626,0.397783488035202,-0.0267637111246585,0.4321153461933136,0.4149695336818695,-0.0265993606299161,0.4310112297534942,0.4236223399639129,-0.0246272310614585,0.4120775163173675,0.3676021695137024,-0.02189851552248,0.4186717569828033,0.3963255882263183,-0.0253933109343051,0.4204605519771576,0.4092333316802978,-0.0227813143283128,0.4209636747837066,0.4146266281604767,-0.0192832127213478,yes,6
0005-ee442e2a-bd99-4ecf-87eb-e83c92111940_jpg.rf.4c570a281b5311eda118678acd2d6b7d.jpg,0.3464729785919189,0.296077162027359,1.623496643787803e-07,0.3687577247619629,0.2983213663101196,-0.002166504273191,0.3874441385269165,0.2846815586090088,-0.0021927764173597,0.3997296094894409,0.2756411433219909,-0.0034575622994452,0.4115694165229797,0.2667547166347503,-0.0042480756528675,0.3791213631629944,0.2387905567884445,0.0085656903684139,0.3999157249927521,0.2211635261774063,0.0047378404997289,0.4160960018634796,0.2079618871212005,-0.0008500806288793,0.4283930659294128,0.1972933858633041,-0.0049079712480306,0.3765182495117187,0.2349994778633117,0.0054093925282359,0.3990373015403747,0.2176046967506408,0.0030012137722223,0.41597980260849,0.2058922946453094,-0.0016791296657174,0.430441677570343,0.1953780949115753,-0.0054164328612387,0.3771629333496094,0.2342291176319122,0.000903489999473,0.3988601267337799,0.2173286378383636,-0.0015330327441915,0.415226548910141,0.2057614475488662,-0.0031872633844614,0.4280728995800018,0.1956359595060348,-0.0042903814464807,0.3800107836723327,0.2361509054899215,-0.0045598046854138,0.3981493711471557,0.2195554226636886,-0.0056195887736976,0.4109571576118469,0.2093839347362518,-0.0043672672472894,0.4213939309120178,0.2017216980457306,-0.0033785798586905,hello,1
0014-ee2789d5-86f3-405e-9231-e6386c72e720_jpg.rf.09ffc7e8223de3fe1cc4c788c4fdc1f1.jpg,0.4511617720127105,0.5509225726127625,3.669905481729074e-07,0.4148997366428375,0.5186743140220642,-0.0110765574499964,0.393229603767395,0.4806443750858307,-0.024136247113347,0.37631756067276,0.4486160278320312,-0.0362296029925346,0.3567498326301574,0.4282291829586029,-0.0491054393351078,0.440773457288742,0.4407143592834472,-0.0285972766578197,0.4572571516036987,0.3836342692375183,-0.0452309772372245,0.4681482017040252,0.3492861986160278,-0.0560402236878871,0.4774277210235595,0.3231217265129089,-0.0621154494583606,0.4662691652774811,0.4467204511165619,-0.0331416614353656,0.4817440211772918,0.3829810321331024,-0.0464837029576301,0.4913243055343628,0.3427311182022095,-0.0544598884880542,0.4989735782146454,0.3119787573814392,-0.0596772767603397,0.4884135723114013,0.4582291543483734,-0.0380583517253398,0.5032050609588623,0.396409273147583,-0.0491578429937362,0.5125440955162048,0.3572140634059906,-0.0557543560862541,0.5194442272186279,0.327914148569107,-0.0599219724535942,0.507768452167511,0.472957581281662,-0.0435369051992893,0.5212634205818176,0.4264576435089111,-0.0532366596162319,0.5280246138572693,0.3958663046360016,-0.0565550066530704,0.5331391096115112,0.3702177405357361,-0.0578100532293319,thankyou,5
0011-43fb1e8b-dbc9-4335-a465-8a7f9030177b_jpg.rf.56ad84958249caf77be6e874509e0bf9.jpg,0.478630930185318,0.700230598449707,-3.9223141357069846e-07,0.470075786113739,0.6466708779335022,-0.0026464890688657,0.4850571155548095,0.5987385511398315,-0.0046740677207708,0.5026006698608398,0.5667027831077576,-0.0071924058720469,0.5101132988929749,0.5397249460220337,-0.0080299274995923,0.5352851152420044,0.6088800430297852,-0.0025633277837187,0.5455150008201599,0.5803661942481995,-0.0086212931200861,0.5274751782417297,0.5904369950294495,-0.0146044977009296,0.515138566493988,0.605376124382019,-0.0182264149188995,0.5493674874305725,0.6336157321929932,-0.005600897129625,0.5519983172416687,0.6102170348167419,-0.0059803347103297,0.5358002185821533,0.6178396344184875,-0.0072885467670857,0.5273730158805847,0.630793571472168,-0.0098912389948964,0.5560427904129028,0.659649133682251,-0.008992944844067,0.5569629073143005,0.6381286978721619,-0.0102242128923535,0.5422258973121643,0.643038272857666,-0.0062058581970632,0.5316581726074219,0.6547640562057495,-0.0049188397824764,0.5578287243843079,0.684751033782959,-0.0126237142831087,0.5596282482147217,0.6652603149414062,-0.01280312333256,0.5465974807739258,0.6674429774284363,-0.0061199758201837,0.5377724170684814,0.6768397688865662,-0.0011606580810621,sorry,4
0009-8cbaf4ef-d232-4fc0-897b-6df4c36d10a8_jpg.rf.574a2975bc195eff506f5b4a37b76c1a.jpg,0.4249576330184936,0.8911500573158264,1.1601623128854045e-07,0.4256671965122223,0.8433431386947632,-0.0041728815995156,0.4491533935070038,0.8041435480117798,-0.0062473565340042,0.475758820772171,0.7809126377105713,-0.0077395448461174,0.4930150806903839,0.7606211304664612,-0.008862935937941,0.4781814515590668,0.817017674446106,-0.0112221902236342,0.5146120190620422,0.7962324023246765,-0.0185982454568147,0.535337507724762,0.7868623733520508,-0.0225291084498167,0.5504288077354431,0.7807518243789673,-0.0251451302319765,0.4872836172580719,0.8433965444564819,-0.0151456240564584,0.523127555847168,0.8223962783813477,-0.0209492240101099,0.5439737439155579,0.810242235660553,-0.0253267586231231,0.5597700476646423,0.8015908002853394,-0.0286736544221639,0.4899400770664215,0.8710217475891113,-0.0191467758268117,0.5241568088531494,0.8519184589385986,-0.0265055932104587,0.5444064140319824,0.8397047519683838,-0.0300095863640308,0.5604923367500305,0.8299674391746521,-0.0324448123574256,0.4890829622745514,0.899528980255127,-0.0229645371437072,0.5136374831199646,0.8904621601104736,-0.0311428401619195,0.529527485370636,0.8828458786010742,-0.0327658131718635,0.5441939830780029,0.8763253688812256,-0.032996792346239,please,3
0020-5f55a92c-9175-46b4-8d3a-b0f7356189cb_jpg.rf.5436a29f5c37049b3af78434af3a4cd6.jpg,0.4407117962837219,0.7377275824546814,2.014176487818986e-07,0.4465343356132507,0.6876126527786255,-0.0104318102821707,0.468400776386261,0.6451501250267029,-0.0192737933248281,0.4843323528766632,0.6123073101043701,-0.0271397903561592,0.4895008206367492,0.5846927165985107,-0.0351603962481021,0.5186847448348999,0.6754516959190369,-0.0177507698535919,0.5604045391082764,0.6640957593917847,-0.0276432689279317,0.5873016715049744,0.6583897471427917,-0.0351532548666,0.6082183122634888,0.6543201208114624,-0.0404065437614917,0.5266680717468262,0.700807511806488,-0.0203070379793643,0.5719024538993835,0.687818706035614,-0.0271255392581224,0.6002705097198486,0.6804303526878357,-0.0323716290295124,0.623058021068573,0.6756722331047058,-0.0367964655160903,0.527855634689331,0.7265139222145081,-0.0235759299248456,0.5710076689720154,0.7141883969306946,-0.0307014100253582,0.5961391925811768,0.706314742565155,-0.0340922139585018,0.6149969100952148,0.7003445625305176,-0.036551859229803,0.5242238640785217,0.7523737549781799,-0.0276368372142314,0.5582454204559326,0.746330976486206,-0.0340214148163795,0.5792579054832458,0.7415025234222412,-0.0345869027078151,0.5966448783874512,0.7376741170883179,-0.0344464816153049,please,3
0018-05cd35a5-b941-49c1-abcc-d49756fc15a8_jpg.rf.5c05273dd29ad87a0efb313d8858ef6a.jpg,0.4125879406929016,0.8853429555892944,1.3156154921034613e-07,0.4104955792427063,0.8384093642234802,-0.0013582163956016,0.4298480451107025,0.7979170083999634,-0.003345183795318,0.4544552564620971,0.7738757729530334,-0.0046998006291687,0.4711437523365021,0.7566683292388916,-0.0060060345567762,0.4562006294727325,0.8083239793777466,-0.0147640034556388,0.4953407049179077,0.7848793864250183,-0.0215301308780908,0.5170385241508484,0.7743522524833679,-0.0242294799536466,0.5317221283912659,0.7678216695785522,-0.0255875587463378,0.4687404036521911,0.833293616771698,-0.0186488591134548,0.5086144804954529,0.8082166910171509,-0.0227184277027845,0.5311992168426514,0.7947728037834167,-0.024636285379529,0.5461783409118652,0.7860873341560364,-0.026361996307969,0.4750568866729736,0.8593344688415527,-0.0218181312084198,0.5113399624824524,0.8352252244949341,-0.0258416254073381,0.532171368598938,0.8218613862991333,-0.0275093559175729,0.546500027179718,0.8117151856422424,-0.0292033646255731,0.4770901501178741,0.8853106498718262,-0.0245197396725416,0.5033388733863831,0.8718073964118958,-0.0292513538151979,0.517911434173584,0.8619849681854248,-0.0291438698768615,0.5287350416183472,0.8536262512207031,-0.0284922793507576,please,3
0018-8f3c6311-c5bb-471f-a8b4-026feaac49f2_jpg.rf.4decb719f614254d9ba89bfb544f4221.jpg,0.3858397305011749,0.6335749626159668,-8.331782197501526e-08,0.4029715061187744,0.6225128769874573,-0.010414115153253,0.4180675148963928,0.5998961329460144,-0.0181555431336164,0.4293349683284759,0.5828800797462463,-0.0257806200534105,0.4312927722930908,0.5664882659912109,-0.0315292887389659,0.3963980078697204,0.5411325097084045,-0.009585091844201,0.40808966755867,0.5377486944198608,-0.0282330270856618,0.4128599762916565,0.5615931749343872,-0.0394726581871509,0.4108529686927795,0.5750837922096252,-0.0443554818630218,0.3753098249435425,0.5449177026748657,-0.0120953526347875,0.3926009237766266,0.5522751808166504,-0.0277364552021026,0.4006221294403076,0.5799431800842285,-0.0317910835146904,0.4000501334667206,0.5915594100952148,-0.0318850874900817,0.3576840162277221,0.5592662692070007,-0.0171223971992731,0.3783594667911529,0.5731142163276672,-0.0328841097652912,0.3867307901382446,0.5979788303375244,-0.0307497978210449,0.3859363198280334,0.6085044741630554,-0.0262878313660621,0.345023363828659,0.5803002119064331,-0.0232266802340745,0.3625175356864929,0.5958828926086426,-0.0329869575798511,0.3713073432445526,0.6148154735565186,-0.0307372789829969,0.3723132908344269,0.6228790283203125,-0.0266397241503,yes,6
0012-b37feb61-a685-48cb-b8c6-79e096dfc2a5_jpg.rf.5f9dde19459e073fe2e1237c679b88ab.jpg,0.4550780951976776,0.6298084855079651,1.835118581539064e-07,0.4558135569095611,0.5915234088897705,-0.0094525413587689,0.4726597368717193,0.5550913214683533,-0.0156772844493389,0.4862167835235595,0.5284801721572876,-0.0208755414932966,0.4913284182548523,0.506199061870575,-0.0261205695569515,0.5005794167518616,0.5759698152542114,-0.0150336744263768,0.53218013048172,0.5642747282981873,-0.0237473379820585,0.5533042550086975,0.5587602853775024,-0.0297479629516601,0.5700744390487671,0.5550646185874939,-0.0337959192693233,0.5092760920524597,0.5970398783683777,-0.0165385771542787,0.5428416132926941,0.583604633808136,-0.0229416079819202,0.5652393698692322,0.5759192705154419,-0.0281608384102582,0.5838828086853027,0.5698884129524231,-0.0324638485908508,0.5132375955581665,0.6182835698127747,-0.0185963083058595,0.5451066493988037,0.6060687899589539,-0.0255529433488845,0.5644440650939941,0.5986857414245605,-0.0286952164024114,0.5790023803710938,0.5920533537864685,-0.0308695808053016,0.5140002965927124,0.6394848227500916,-0.021124392747879,0.5391578674316406,0.6336371302604675,-0.0269815195351839,0.5535984039306641,0.6290132999420166,-0.0273727625608444,0.5642510056495667,0.6245806217193604,-0.0272848196327686,please,3
0019-f9268874-a330-4439-8b10-488649204b8a_jpg.rf.5fad1c661416806341ed99b20b9559e6.jpg,0.4082855880260467,0.5250883102416992,-3.799309808982798e-07,0.4347455501556396,0.4979511797428131,-0.0146951377391815,0.4526578187942505,0.461918443441391,-0.0270183365792036,0.4424000680446625,0.4449032545089721,-0.0396169796586036,0.4166668057441711,0.4493495523929596,-0.0494276396930217,0.4124527871608734,0.3808402717113495,-0.0138868270441889,0.4281399548053741,0.3878119587898254,-0.0359373800456523,0.4350105226039886,0.4226837754249573,-0.0506370775401592,0.4313578009605407,0.4343701004981994,-0.0597081519663333,0.383983850479126,0.3903342485427856,-0.0187181923538446,0.4055374264717102,0.4123705923557281,-0.0350963734090328,0.415884792804718,0.4436896741390228,-0.0415201783180236,0.4119256734848022,0.4440308809280395,-0.0460915490984916,0.3625819981098175,0.4117177724838257,-0.0262974966317415,0.386805921792984,0.4374618530273437,-0.0414177812635898,0.3997156322002411,0.4615107178688049,-0.0404374673962593,0.3949015438556671,0.459050565958023,-0.0395236313343048,0.3474749326705932,0.4368074536323547,-0.0359848588705062,0.3698451220989227,0.4568833708763122,-0.0430995188653469,0.3803595006465912,0.474374771118164,-0.0390918999910354,0.3757030367851257,0.4727237522602081,-0.0357945822179317,yes,6
0016-97ce335c-900b-444f-981b-7a7870ffd13e_jpg.rf.22a46d538c4c493c90e8b82a63817599.jpg,0.3603840470314026,0.3723096549510956,-2.4076393856375944e-07,0.3839173913002014,0.3617231547832489,-0.0014339877525344,0.4031017124652862,0.3347066342830658,-0.0030073777306824,0.4165147542953491,0.3119847774505615,-0.0072120171971619,0.4309638142585754,0.2962925434112549,-0.0095300124958157,0.3921768069267273,0.2896053791046142,0.0065089520066976,0.4032983183860779,0.252248078584671,-0.0042520654387772,0.410181313753128,0.2722183167934418,-0.0128825530409812,0.4056699872016907,0.290480762720108,-0.0167756844311952,0.382909208536148,0.2867658138275146,0.0015925121260806,0.393459290266037,0.2498220354318618,-0.0056671686470508,0.4012337327003479,0.2711991369724273,-0.0101453401148319,0.3963702023029327,0.2894102334976196,-0.0119574973359704,0.3707917630672455,0.2865344583988189,-0.0051066577434539,0.3814474046230316,0.2521800696849823,-0.0114758564159274,0.3905206024646759,0.2713183760643005,-0.0085446499288082,0.3867833018302917,0.2895601987838745,-0.0049500898458063,0.3561402261257171,0.288862943649292,-0.0125778662040829,0.3678447008132934,0.2614496052265167,-0.0164248906075954,0.378682404756546,0.271836906671524,-0.0120289148762822,0.3778898119926452,0.286003977060318,-0.00764193944633,bye,0
0015-00de7135-232f-41ca-b70c-7a28af36f9ef_jpg.rf.3b75747666a366d20e2de8f5971e6eb6.jpg,0.4511083364486694,0.664536714553833,-2.739770081916504e-07,0.4600671529769897,0.6275419592857361,0.0007748960633762,0.4796823859214782,0.5932616591453552,-0.0023885651025921,0.4996890723705292,0.5696181654930115,-0.0065454337745904,0.5123971700668335,0.5518566966056824,-0.0090689230710268,0.4837460219860077,0.5901128649711609,-0.0087686739861965,0.5169404149055481,0.5828493237495422,-0.0194194130599498,0.5114068388938904,0.5949990153312683,-0.025510611012578,0.4994238018989563,0.5990583896636963,-0.0286605879664421,0.4902988374233246,0.6087750196456909,-0.0151829961687326,0.5235814452171326,0.6046246290206909,-0.0205192007124423,0.516033947467804,0.6143462061882019,-0.0201318562030792,0.5037838816642761,0.6170163750648499,-0.0209102984517812,0.4972254931926727,0.6290790438652039,-0.0217934120446443,0.5249385833740234,0.6253435015678406,-0.0252338349819183,0.5177479982376099,0.6337670087814331,-0.019145481288433,0.5063623785972595,0.6368474364280701,-0.0162556711584329,0.5029643177986145,0.6500959396362305,-0.0286739990115165,0.5235695242881775,0.6451606154441833,-0.0282986499369144,0.5158613920211792,0.6517286896705627,-0.0210947971791028,0.5058314800262451,0.6551063060760498,-0.0166144836694002,sorry,4
0017-51c21167-ce65-47e0-8e55-a157821b58af_jpg.rf.5bba47ad2b10927067a28af33b1135a6.jpg,0.4865278601646423,0.7202881574630737,-2.6505253458708466e-07,0.4982139766216278,0.6783607602119446,-0.002652381779626,0.525397002696991,0.6428706645965576,-0.0047248201444745,0.5454710721969604,0.6174451112747192,-0.0069111795164644,0.5510683059692383,0.595066487789154,-0.00798168964684,0.5468307137489319,0.6595450043678284,-0.0057239774614572,0.563222348690033,0.6368919014930725,-0.0117169227451086,0.5490891933441162,0.6400006413459778,-0.0151179460808634,0.5375880599021912,0.6477704644203186,-0.0166177283972501,0.5528241395950317,0.6824999451637268,-0.0075900112278759,0.5684950947761536,0.658776044845581,-0.0128292702138423,0.5552412867546082,0.6597874164581299,-0.0147807858884334,0.5427958369255066,0.6687321662902832,-0.0155794424936175,0.5556484460830688,0.7049838304519653,-0.0094464933499693,0.5692669749259949,0.6827568411827087,-0.0135614285245537,0.5577338337898254,0.6817233562469482,-0.0116119645535945,0.5454832911491394,0.6894052624702454,-0.0098295714706182,0.5565106272697449,0.7257206439971924,-0.0112360138446092,0.5673725605010986,0.7058783769607544,-0.0127615574747323,0.5568512082099915,0.7030823826789856,-0.0089297201484441,0.5470787882804871,0.7096050381660461,-0.0054805018007755,sorry,4
0020-863d12ce-7e27-4617-8909-a147b23455e4_jpg.rf.04d38d232f5111869cdf86bf5ab51a31.jpg,0.4331520795822143,0.6289384365081787,1.8256405098782125e-07,0.4021349251270294,0.5878071188926697,-0.0081008430570364,0.3856117129325866,0.5392107367515564,-0.0148810427635908,0.3768430352210998,0.5013267993927002,-0.0212368015199899,0.3638306856155395,0.4775207638740539,-0.0278883036226034,0.4363095462322235,0.5116662383079529,-0.0145607301965355,0.4543834328651428,0.4590495228767395,-0.0255159456282854,0.46547332406044,0.4279497861862182,-0.0338026583194732,0.4743895232677459,0.4035412669181824,-0.0390385463833808,0.4595806300640106,0.5206996202468872,-0.0180185865610837,0.4773518443107605,0.4657587110996246,-0.0256555099040269,0.4867987334728241,0.4313745498657226,-0.0314097739756107,0.4949765205383301,0.4046478271484375,-0.0357506684958934,0.4776740968227386,0.5354766249656677,-0.0222010761499404,0.4960071146488189,0.4850011467933655,-0.0289071500301361,0.5050362944602966,0.4534869492053985,-0.0329544804990291,0.5111919045448303,0.429527223110199,-0.0358618274331092,0.4925894737243652,0.5534577369689941,-0.0272146631032228,0.5095403790473938,0.5177478194236755,-0.0324754789471626,0.5178900361061096,0.4942524433135986,-0.033208031207323,0.5250709652900696,0.4747081696987152,-0.0332295000553131,thankyou,5
0020-0c1c06ab-c458-4d51-9a85-5f1e0263e5dd_jpg.rf.976a3162c37554d3e4553990d18b5fd9.jpg,0.3510832488536834,0.3472058773040771,1.2390103165671462e-07,0.3790329694747925,0.3545409440994262,-0.0039993324317038,0.4056280851364136,0.3358276486396789,-0.0026720385067164,0.4232869744300842,0.31690713763237,-0.0020835215691477,0.4398095905780792,0.3078027963638305,-0.0013143896358087,0.4124946892261505,0.2696590721607208,0.0056882183998823,0.4337122440338135,0.2392173856496811,0.0015238658525049,0.4476631581783294,0.2206707596778869,-0.0038701482117176,0.4582216739654541,0.2038435339927673,-0.0083016408607363,0.4014163613319397,0.2534639835357666,0.0015123364282771,0.4236960113048553,0.216687723994255,-0.0032921445090323,0.439608484506607,0.1967880427837371,-0.0090441517531871,0.4528184533119201,0.1804418116807937,-0.0128438360989093,0.3864538669586181,0.2431889325380325,-0.0043513132259249,0.4058882296085357,0.2033410668373108,-0.0110592609271407,0.4219472706317901,0.1791541129350662,-0.0176864769309759,0.4358368515968323,0.158676415681839,-0.0213799960911273,0.3672263026237488,0.2395373284816742,-0.0108590023592114,0.3819574415683746,0.2017991095781326,-0.0160716623067855,0.3930231034755707,0.1779014468193054,-0.0185679662972688,0.403673768043518,0.1576747298240661,-0.0199591796845197,hello,1
0004-6ea81d33-98c5-4669-993b-9007a40e5ca1_jpg.rf.8f2fa5b53df036b414f092bd0351b37d.jpg,0.4723773002624511,0.4672594964504242,2.40535825923871e-07,0.4514532387256622,0.4450290501117706,-0.0065714162774384,0.4442958235740661,0.4138135910034179,-0.0121136140078306,0.4425729811191559,0.386843740940094,-0.0167725998908281,0.4367855787277221,0.3657151460647583,-0.0215074550360441,0.4703648686408996,0.3905978202819824,-0.0133140673860907,0.4816724359989166,0.3534804880619049,-0.0218762122094631,0.4888705909252167,0.3293443322181701,-0.0277906786650419,0.4947073459625244,0.3110867738723755,-0.0312654934823513,0.4864623248577118,0.3959158062934875,-0.0156214479357004,0.4981752932071686,0.3572415113449096,-0.0222210474312305,0.5058588981628418,0.3310294449329376,-0.0273303240537643,0.5126041769981384,0.3098914623260498,-0.0306794885545969,0.5010779500007629,0.4057830274105072,-0.0180896036326885,0.5135647654533386,0.3687783181667328,-0.0240224879235029,0.5211117267608643,0.3446558713912964,-0.0276285763829946,0.5275796055793762,0.3252314031124115,-0.0298875942826271,0.5141429305076599,0.4195877313613891,-0.020891623571515,0.5242940187454224,0.3926467597484588,-0.0262199211865663,0.5292883515357971,0.3750165402889251,-0.0271522346884012,0.533864438533783,0.3600959181785583,-0.0268645752221345,thankyou,5
0013-56d2e516-8984-4bad-975a-c82ee27f0200_jpg.rf.9bf0b5038221dc239ffd72416004aeb8.jpg,0.4730780720710754,0.4627921283245086,2.71847483190868e-07,0.4523285031318664,0.4441273808479309,-0.0086991246789693,0.4439806044101715,0.4153677225112915,-0.0158553477376699,0.4414660930633545,0.3898976743221283,-0.0217139180749654,0.4341223537921905,0.3697509467601776,-0.0279043205082416,0.4706279933452606,0.3922015130519867,-0.0178051106631755,0.4800113141536712,0.356191337108612,-0.0277735777199268,0.4871264994144439,0.3326944410800934,-0.0345525667071342,0.4931885004043579,0.3140907883644104,-0.0387238934636116,0.4862788617610931,0.3967044651508331,-0.019744373857975,0.4970451593399048,0.3585717976093292,-0.0279026348143816,0.5052010416984558,0.3327126502990722,-0.0342650115489959,0.5126344561576843,0.3117426037788391,-0.0384624935686588,0.500505268573761,0.4061037302017212,-0.0217842571437358,0.5118948221206665,0.3697310090065002,-0.0296579711139202,0.5192272067070007,0.3452854454517364,-0.0347579978406429,0.5254554152488708,0.3252892792224884,-0.0378588698804378,0.5135710835456848,0.4197999835014343,-0.0241122655570507,0.5231436491012573,0.3933045268058777,-0.0314270071685314,0.5276781320571899,0.3753177225589752,-0.0336275212466716,0.531666100025177,0.3596921265125274,-0.0341630689799785,thankyou,5
0017-2311c2cd-3e20-4050-9de2-4cc38814ef1c_jpg.rf.7d52c85a1069907c1cb49c3357c7fbb4.jpg,0.4507358372211456,0.5523371696472168,3.690344669848855e-07,0.4141486287117004,0.5203869342803955,-0.013266391120851,0.3906292915344238,0.4827959537506103,-0.0269045494496822,0.3741814196109772,0.4500170946121216,-0.0390486419200897,0.3572392463684082,0.4259603917598724,-0.051487173885107,0.4374398589134216,0.4420600533485412,-0.0302639044821262,0.4545000791549682,0.3836952745914459,-0.0476045161485672,0.4648380577564239,0.3480890989303589,-0.0584978684782981,0.4731951355934143,0.3212935030460357,-0.0642233043909072,0.4646324217319488,0.4478935599327087,-0.0329712554812431,0.4788655638694763,0.3833360373973846,-0.0468442514538764,0.4872570037841797,0.3435848355293274,-0.0545374006032943,0.4936005473136902,0.3130890727043152,-0.0591671094298362,0.4874530732631683,0.4577848613262176,-0.0361808165907859,0.499586820602417,0.3966449797153473,-0.0474127419292926,0.507398247718811,0.3594708144664764,-0.052757129073143,0.5128732919692993,0.3317992091178894,-0.0556155778467655,0.506620466709137,0.4698739945888519,-0.0401782467961311,0.5171908736228943,0.4228593707084656,-0.0492002516984939,0.5226727724075317,0.3934383690357208,-0.0514049306511879,0.5270023345947266,0.3684842586517334,-0.0515206530690193,thankyou,5
0021-63db579e-0fe5-45dd-bbc4-1f304233f822_jpg.rf.38270a62415e770a7c517fa29ba82edb.jpg,0.3926765322685241,0.5713860988616943,-8.115556227039633e-08,0.4104333221912384,0.5611906051635742,-0.0087634762749075,0.4270815849304199,0.5308864712715149,-0.0138695389032363,0.4352002143859863,0.5090981125831604,-0.0189955383539199,0.4358162879943847,0.4878139197826385,-0.0221536960452795,0.403246521949768,0.4705250263214111,-0.0048554204404354,0.4164873361587524,0.4581844508647918,-0.0208195485174655,0.4210852682590484,0.4803264439105987,-0.0298228822648525,0.4166160523891449,0.4994204640388489,-0.0325600355863571,0.3819361627101898,0.4733501672744751,-0.0074810623191297,0.3971550464630127,0.470057725906372,-0.0200542174279689,0.4056940078735351,0.5006007552146912,-0.0232645682990551,0.4041318297386169,0.5162354111671448,-0.0225110426545143,0.3636983335018158,0.4880095720291137,-0.0124029098078608,0.3814939260482788,0.4915394484996795,-0.0273827537894248,0.3907328248023987,0.5195832848548889,-0.0245131477713584,0.3890323638916015,0.5325218439102173,-0.0190104953944683,0.3488093912601471,0.5103183388710022,-0.0179528780281543,0.3669236302375793,0.5145300030708313,-0.0277989841997623,0.3761017322540283,0.5357869863510132,-0.0233812388032674,0.3751194179058075,0.5466342568397522,-0.0173305347561836,yes,6
0016-232c8695-9dc4-4ba9-804f-0ee1755dacb9_jpg.rf.954dbfdc9dbf2cf8eb041524ee4ff0c0.jpg,0.4520634114742279,0.5519298315048218,3.658578293652681e-07,0.4152430891990661,0.5197795629501343,-0.0137604093179106,0.3914017677307129,0.4823626279830932,-0.0275491774082183,0.3746779263019562,0.4498466253280639,-0.0395477712154388,0.3572342991828918,0.426614761352539,-0.0518405027687549,0.4398914277553558,0.4417859613895416,-0.0312876664102077,0.4563344120979309,0.3834145069122314,-0.047995638102293,0.4663292169570923,0.3483592271804809,-0.0584853738546371,0.4747616052627563,0.3217942118644714,-0.0641156435012817,0.4676806628704071,0.4471627175807953,-0.0337962433695793,0.4808332324028015,0.3821536302566528,-0.0473263822495937,0.4893219769001007,0.3416598737239837,-0.0551011152565479,0.4962747693061828,0.3105537593364715,-0.0600102432072162,0.4905052483081817,0.4568896293640136,-0.0367419719696044,0.5022894740104675,0.3948623239994049,-0.0481494963169097,0.510736346244812,0.3557512462139129,-0.0544391088187694,0.5171575546264648,0.3263488113880157,-0.058174543082714,0.509425163269043,0.4690360724925995,-0.0403952561318874,0.520226776599884,0.4223130047321319,-0.0500687062740325,0.525904655456543,0.3923921585083008,-0.0530133210122585,0.5302354693412781,0.3672308027744293,-0.053778413683176,thankyou,5
0013-a6e76303-a64d-48cb-8397-e9c94b36172a_jpg.rf.8c95bce58a2cf96a1a63abbffaa41937.jpg,0.4590802490711212,0.6293342709541321,1.911582927505151e-07,0.4585138857364654,0.5921441912651062,-0.0092758471146225,0.4747805893421173,0.5566995143890381,-0.0156304445117712,0.4870471656322479,0.5298718214035034,-0.0212894473224878,0.4919367134571075,0.5067961812019348,-0.0272074211388826,0.5090811252593994,0.5748537182807922,-0.0135010071098804,0.5382785201072693,0.5622088313102722,-0.0219382867217063,0.5581019520759583,0.5555871725082397,-0.0281134489923715,0.5742308497428894,0.5511651635169983,-0.032687421888113,0.5157913565635681,0.5946953892707825,-0.0157515760511159,0.5464772582054138,0.5808766484260559,-0.0229780077934265,0.5677089691162109,0.5721802711486816,-0.0293040201067924,0.5863065719604492,0.5656099915504456,-0.0342736802995204,0.5174301862716675,0.6153571605682373,-0.0187407899647951,0.5474936366081238,0.6028202176094055,-0.0265955869108438,0.5662679672241211,0.5946013331413269,-0.031560193747282,0.582260012626648,0.5867199301719666,-0.0350101366639137,0.5159325003623962,0.6368149518966675,-0.0221785306930542,0.5398961901664734,0.6327568292617798,-0.0300212856382131,0.555856466293335,0.6280570030212402,-0.0329922884702682,0.5698871612548828,0.6225854754447937,-0.034670915454626,please,3
0008-9f2041b0-bebc-4204-9558-cc08e55f4fc7_jpg.rf.7648cb2f6b2b4221231d0a2f0fba861d.jpg,0.4662563502788543,0.8103536367416382,-1.526067023860378e-07,0.4615115523338318,0.765312910079956,0.0078397635370492,0.4790537059307098,0.7321380376815796,0.0094420155510306,0.5001893639564514,0.720870316028595,0.0084864376112818,0.5156154036521912,0.7177831530570984,0.0079492889344692,0.4923654496669769,0.7176854610443115,0.003953362815082,0.5165177583694458,0.6878406405448914,-0.000812730693724,0.5162901878356934,0.691164493560791,-0.0045043001882731,0.5077126026153564,0.6988137364387512,-0.0056110094301402,0.5105622410774231,0.7364334464073181,-0.0036520455032587,0.5327210426330566,0.7116909027099609,-0.0037703278940171,0.5264579057693481,0.7180622220039368,-0.0040055196732282,0.515028178691864,0.7273728251457214,-0.0040245009586215,0.523597776889801,0.759540855884552,-0.0107782334089279,0.5433667302131653,0.7386413812637329,-0.0097253825515508,0.5336605906486511,0.744409441947937,-0.0051215481944382,0.521040678024292,0.7532484531402588,-0.0025586439296603,0.5312023758888245,0.7845960259437561,-0.0173577740788459,0.5388608574867249,0.7672592997550964,-0.0135179143399,0.5305249094963074,0.7699465751647949,-0.0051633603870868,0.521441638469696,0.7771115303039551,0.0008363867527805,sorry,4
0020-ab56ad96-0b30-4578-9074-574c0fe25944_jpg.rf.7fc542193a254168308d01997ae54c16.jpg,0.4487832188606262,0.584500789642334,3.31394971908594e-07,0.4227296710014343,0.5562583804130554,-0.0100271664559841,0.412461519241333,0.5142054557800293,-0.0169384814798831,0.4078252911567688,0.4802356958389282,-0.022646527737379,0.3999453485012054,0.4539832174777984,-0.0284297466278076,0.4499644041061401,0.4859040677547455,-0.0169732850044965,0.4618571698665619,0.4385798275470733,-0.0293557215481996,0.470958799123764,0.4088695347309112,-0.037500724196434,0.4797671139240265,0.3865963220596313,-0.0419341176748275,0.4675503075122833,0.491863876581192,-0.0194282848387956,0.4803835451602936,0.4398064613342285,-0.0296247638761997,0.4898905754089355,0.4054646492004394,-0.0370810255408287,0.4988329112529754,0.3799840807914734,-0.041560024023056,0.4814466834068298,0.502826988697052,-0.0226264763623476,0.4937867224216461,0.4541292786598205,-0.032180406153202,0.5017386078834534,0.4232091903686523,-0.0390756353735923,0.5086478590965271,0.3993143737316131,-0.0432024076581001,0.4927049875259399,0.5181673765182495,-0.0263400021940469,0.5041567087173462,0.4846857786178589,-0.0347434021532535,0.5108522176742554,0.4630089402198791,-0.0381947942078113,0.5169720649719238,0.4445846378803253,-0.0396203212440013,thankyou,5
0019-61aaa04a-f7c9-4f24-9a90-6798a1c1fed1_jpg.rf.6f49686290ab20a08423f3bd5553dcf1.jpg,0.5983577370643616,0.8345679640769958,-6.567398003198832e-08,0.572912335395813,0.802718460559845,0.0031697296071797,0.5421946048736572,0.785774827003479,0.0016205990687012,0.5167624354362488,0.7796527147293091,-0.0009278036886826,0.4982257485389709,0.7728937268257141,-0.0041236616671085,0.5306932330131531,0.8041693568229675,-0.0092487419024109,0.4984132349491119,0.8071279525756836,-0.01612582616508,0.4981968402862549,0.812465250492096,-0.0194123964756727,0.5057311654090881,0.8167163729667664,-0.019929489120841,0.5300037264823914,0.8309558629989624,-0.0135174924507737,0.4919847846031189,0.8315795660018921,-0.0175738781690597,0.4945673644542694,0.8330563306808472,-0.0169755220413208,0.5049735307693481,0.8342162370681763,-0.0162541009485721,0.5320340394973755,0.8573907613754272,-0.0168417785316705,0.4943656623363495,0.8575928211212158,-0.0185923911631107,0.4987601935863495,0.8544665575027466,-0.0131503120064735,0.510904848575592,0.8519490957260132,-0.0094503993168473,0.5376589298248291,0.882059633731842,-0.0196957048028707,0.5038124918937683,0.8809973001480103,-0.0193867404013872,0.5041377544403076,0.8748409152030945,-0.0126907126978039,0.5129143595695496,0.8700951337814331,-0.0073433765210211,sorry,4
0009-1e2e24bb-2470-4859-b528-2b2fa8643afa_jpg.rf.a3af7851eebd1b3f921741beeef4446e.jpg,0.4648773670196533,0.7391794323921204,-3.671437411867373e-07,0.4633578360080719,0.6842354536056519,-0.0061014066450297,0.481380820274353,0.6355497241020203,-0.0111538916826248,0.5021393895149231,0.6025350689888,-0.0168189704418182,0.5105816125869751,0.5734406113624573,-0.0205053593963384,0.52725750207901,0.6522306203842163,-0.0048449775204062,0.5458340644836426,0.621166467666626,-0.0150257255882024,0.5267912745475769,0.6326892375946045,-0.0239091850817203,0.5123292207717896,0.6469559073448181,-0.0291690342128276,0.5423761606216431,0.6778344511985779,-0.0077069457620382,0.5504286885261536,0.6541375517845154,-0.0132734356448054,0.5321474671363831,0.6644011735916138,-0.0174072477966547,0.5212218761444092,0.67622309923172,-0.020854577422142,0.5490224957466125,0.706003725528717,-0.0114119797945022,0.5531133413314819,0.6856793761253357,-0.015858843922615,0.5372393727302551,0.6926882266998291,-0.0126323467120528,0.5251159071922302,0.7035722136497498,-0.0110964439809322,0.5498326420783997,0.7336337566375732,-0.0157954338937997,0.5536089539527893,0.7176944017410278,-0.0184931904077529,0.5396504402160645,0.7211203575134277,-0.0128419892862439,0.5291546583175659,0.7296692728996277,-0.0079813990741968,sorry,4
0011-b33d5358-78fd-4674-a720-94cbb9e3983c_jpg.rf.8e1469a73d884e8737b053aad6fc5f7d.jpg,0.485372394323349,0.6489499807357788,2.927432944943576e-07,0.4791260361671448,0.6020400524139404,-0.0107891540974378,0.487830638885498,0.5561423301696777,-0.0195731632411479,0.4918202757835388,0.5205875635147095,-0.0276043731719255,0.4890618622303009,0.4934876263141632,-0.0360073149204254,0.5412520170211792,0.562322199344635,-0.0154307652264833,0.57608962059021,0.5405565500259399,-0.0284141525626182,0.6021711826324463,0.5268669724464417,-0.0393863245844841,0.6232113838195801,0.5166294574737549,-0.0472889803349971,0.5574048757553101,0.5829874277114868,-0.0197683759033679,0.596305251121521,0.5592440366744995,-0.0301270950585603,0.6233206987380981,0.5432345271110535,-0.0392471067607402,0.6463835835456848,0.5303205251693726,-0.0460311211645603,0.5665037631988525,0.6085890531539917,-0.0252650678157806,0.6045433282852173,0.5834090709686279,-0.0373756550252437,0.6297046542167664,0.5679532885551453,-0.0445952974259853,0.6509076952934265,0.5558000206947327,-0.0493118166923522,0.5695393085479736,0.6372959613800049,-0.0313329882919788,0.5993369817733765,0.6263445615768433,-0.0430374033749103,0.619705080986023,0.6197213530540466,-0.0462993942201137,0.6384694576263428,0.6145625710487366,-0.0476382188498973,please,3
0010-40eaa2d1-3ca0-434c-a836-1938a005ddb3_jpg.rf.9bf56a6bd5b8f8a8ce4ae0be9a835ec7.jpg,0.4174037873744964,0.8695580363273621,1.0031866537474345e-07,0.4080711603164673,0.8311066031455994,-0.0036279240157455,0.417108416557312,0.7954384684562683,-0.0067227547988295,0.4311161339282989,0.7745521068572998,-0.0091971829533576,0.4458569884300232,0.771282434463501,-0.0117652481421828,0.4554142355918884,0.7931087613105774,-0.0127482581883668,0.4852571487426758,0.7690145969390869,-0.020470593124628,0.5033398866653442,0.754507839679718,-0.0254844352602958,0.5168366432189941,0.7431087493896484,-0.0289966203272342,0.4681731760501861,0.8141334056854248,-0.0162423830479383,0.4981060624122619,0.7893316149711609,-0.0220876596868038,0.516565203666687,0.7738462090492249,-0.0264178048819303,0.5317968726158142,0.7618790864944458,-0.0296781435608863,0.4747835695743561,0.8379155993461609,-0.0195827335119247,0.5022525191307068,0.815911054611206,-0.0260346755385398,0.5193237066268921,0.8016165494918823,-0.0293306615203619,0.5324970483779907,0.7910287976264954,-0.0315126366913318,0.4766494929790497,0.8635814189910889,-0.0228603351861238,0.4970220029354095,0.8536123037338257,-0.0297362729907035,0.5094135403633118,0.8451672196388245,-0.0310479905456304,0.5192524194717407,0.8381277322769165,-0.0309311412274837,please,3
0019-0daf16c7-22c9-40cf-b1a7-03b6b8560f54_jpg.rf.9767cf4024364408aa817f80a5a6d075.jpg,0.5724509954452515,0.6096765995025635,1.600924122158176e-07,0.5769379138946533,0.5692736506462097,-0.0096829440444707,0.594329297542572,0.5283851623535156,-0.0159049704670906,0.6043362021446228,0.4974929988384247,-0.0215883981436491,0.6089256405830383,0.473099946975708,-0.0272562634199857,0.6248981952667236,0.5498950481414795,-0.0136377913877367,0.6575417518615723,0.5341866612434387,-0.0236792024224996,0.6793009042739868,0.5260520577430725,-0.0312741957604885,0.6973001956939697,0.5191295146942139,-0.0371618382632732,0.6349676251411438,0.570083737373352,-0.0165669582784175,0.6677732467651367,0.5557658672332764,-0.0251226462423801,0.6903776526451111,0.5462507009506226,-0.0320799052715301,0.7107675671577454,0.5374255180358887,-0.0378370247781276,0.6391381025314331,0.5940171480178833,-0.0204811748117208,0.6697554588317871,0.5791335701942444,-0.0296645145863294,0.6897099018096924,0.5697374939918518,-0.0347971729934215,0.7064908146858215,0.560642659664154,-0.0385525040328502,0.6393654942512512,0.6201261878013611,-0.0250418297946453,0.6633133292198181,0.6115705966949463,-0.0334356501698493,0.678756594657898,0.6034637689590454,-0.0360887832939624,0.6925342679023743,0.5954874753952026,-0.0378620438277721,please,3
0019-d23a7bf0-bbaa-4d57-96d3-d0de1c8671d6_jpg.rf.a7490b25276509c2bb88de48226d31b3.jpg,0.4494956433773041,0.5824113488197327,3.237452119719819e-07,0.4231307506561279,0.5546749830245972,-0.0100481742992997,0.4127358794212341,0.513419508934021,-0.0170657336711883,0.407894492149353,0.479198545217514,-0.0227069742977619,0.4000706076622009,0.4528245329856872,-0.0284007396548986,0.4498003721237182,0.4854378402233124,-0.0179104283452034,0.4614739716053009,0.4380815029144287,-0.0301605630666017,0.4703594446182251,0.4084998369216919,-0.0379567258059978,0.4789311289787292,0.3863090276718139,-0.0421238876879215,0.4675216376781463,0.49129518866539,-0.0200341716408729,0.4799968898296356,0.4390937089920044,-0.0299708526581525,0.4891884624958038,0.405063658952713,-0.037043023854494,0.4977589547634125,0.3797879219055176,-0.0413224585354328,0.4813213348388672,0.5019546747207642,-0.0227992385625839,0.4936786592006683,0.4534447491168976,-0.0322098471224308,0.501595675945282,0.422592282295227,-0.0390591509640216,0.5082902908325195,0.3987424075603485,-0.043189913034439,0.4924347400665283,0.5168936848640442,-0.026009602472186,0.5041193962097168,0.4838533401489258,-0.0344042293727397,0.5109381079673767,0.4625548720359802,-0.0379741117358207,0.5168019533157349,0.4444152116775512,-0.0394950546324253,thankyou,5
0012-83240f4d-1b2d-488c-b05c-811a0d1ab99b_jpg.rf.087b9d7b735d03bdb5f4886f1f4b4197.jpg,0.4645472466945648,0.474951684474945,2.3314183295042315e-07,0.4794076681137085,0.4587993919849396,-0.002245569601655,0.4894517362117767,0.4272352159023285,-0.0031833273824304,0.4936173856258392,0.4053087830543518,-0.005779932718724,0.4988551139831543,0.3898564279079437,-0.0075651053339242,0.4690335690975189,0.3919485211372375,0.0047893906012177,0.4793517589569092,0.3767406046390533,-0.0044919452629983,0.4932669699192047,0.3700889945030212,-0.0112385684624314,0.5053234100341797,0.3679746985435486,-0.0141019560396671,0.4560828506946563,0.3923790156841278,0.0004882565990556,0.4717347025871277,0.3755521476268768,-0.0100950188934803,0.4896674454212188,0.3755145967006683,-0.0144892204552888,0.5027879476547241,0.379329115152359,-0.013701825402677,0.444729208946228,0.399314820766449,-0.0051624081097543,0.4708219170570373,0.3999762833118438,-0.0182559136301279,0.4774566292762756,0.4227858483791351,-0.0167204309254884,0.4771562218666076,0.4381797313690185,-0.0102427685633301,0.4364763498306274,0.41134974360466,-0.0112896841019392,0.4589723348617553,0.413571298122406,-0.0191913023591041,0.4637395143508911,0.4303703308105469,-0.0153050953522324,0.4611325562000274,0.4414241909980774,-0.0086857797577977,no,2
0018-0df6050f-e108-453e-9d60-9f44a1f97e5b_jpg.rf.9f85ae7ac370adcb380b854f4e7cca6c.jpg,0.450497418642044,0.5521816611289978,3.736707014923013e-07,0.4132507443428039,0.5214372277259827,-0.0131291570141911,0.3901147246360779,0.4849174618721008,-0.0264718122780323,0.3739530742168426,0.4525564908981323,-0.0381921716034412,0.3569830656051636,0.4288585782051086,-0.0501920953392982,0.4365096986293793,0.4442848861217499,-0.0297497455030679,0.4539105296134949,0.3862087726593017,-0.0460753366351127,0.4641673564910888,0.3510218262672424,-0.0562347844243049,0.4726925790309906,0.3244371712207794,-0.0614850893616676,0.4645291268825531,0.4494714736938476,-0.0319989137351512,0.4789196848869324,0.3851689398288727,-0.0442685894668102,0.4874580502510071,0.3456740379333496,-0.0508467257022857,0.4940589964389801,0.315728485584259,-0.0548673421144485,0.4875439703464508,0.4587203562259674,-0.0346852838993072,0.4988383054733276,0.3978485763072967,-0.0443711094558239,0.506559431552887,0.3613255023956299,-0.0484694950282573,0.5121756196022034,0.3342349827289581,-0.0507239066064357,0.5063862800598145,0.4700698554515838,-0.0382240451872348,0.5160136222839355,0.4236447811126709,-0.0460502915084362,0.521701455116272,0.3945809006690979,-0.0472821108996868,0.5261940956115723,0.3699312508106231,-0.046818122267723,thankyou,5
0018-0eb9903d-1c85-4d5e-ac35-b92440ef4c15_jpg.rf.b7b41b66ee8b84567642419589e81ce9.jpg,0.5973779559135437,0.8351651430130005,-6.543746167153587e-08,0.5727604627609253,0.8039610385894775,0.0031780526041984,0.542095422744751,0.7857471704483032,0.0014144208980724,0.5164743065834045,0.7792708873748779,-0.0014874790795147,0.4984068274497986,0.7730993628501892,-0.0048631154932081,0.5296844840049744,0.8048949837684631,-0.0085374014452099,0.4972553551197052,0.807858407497406,-0.0156250540167093,0.4975560307502746,0.8131066560745239,-0.0193120930343866,0.5054264664649963,0.8184022307395935,-0.0199990924447774,0.5296772122383118,0.8313882350921631,-0.013033072464168,0.4908678531646728,0.8320807218551636,-0.0168681424111127,0.4931395053863525,0.8323924541473389,-0.0165023636072874,0.5035932660102844,0.8344314098358154,-0.0160593595355749,0.5322115421295166,0.857239305973053,-0.0166473109275102,0.4937706589698791,0.8567931652069092,-0.0180938094854354,0.4980000555515289,0.8527771830558777,-0.0127271860837936,0.5106146335601807,0.8514014482498169,-0.0091382889077067,0.537861704826355,0.8813460469245911,-0.0198477823287248,0.502851665019989,0.8798267841339111,-0.0187141150236129,0.5034268498420715,0.8735196590423584,-0.0116220042109489,0.5127979516983032,0.8695087432861328,-0.0062076323665678,sorry,4
0017-b252713e-d354-46cd-9b5b-362af645effc_jpg.rf.aa1d35653e586362dcf6a56ecb09dfb5.jpg,0.4483104944229126,0.581468403339386,3.1600697525391297e-07,0.4220725297927856,0.5533198714256287,-0.0122202513739466,0.4118668735027313,0.5120267868041992,-0.0199189130216836,0.4074666202068329,0.4772606790065765,-0.0259129926562309,0.3993676006793976,0.4503776431083679,-0.0317339673638343,0.4503040909767151,0.4852438867092132,-0.0185697898268699,0.4623928368091583,0.438007652759552,-0.0310885049402713,0.47147336602211,0.4088848829269409,-0.0392769761383533,0.4803416728973388,0.3868544399738312,-0.043799415230751,0.4687257409095764,0.4911832809448242,-0.0197487045079469,0.4806148707866668,0.4395911693572998,-0.0297363772988319,0.4896895587444305,0.406080424785614,-0.0371835120022296,0.4984115362167358,0.3810152113437652,-0.0418486520648002,0.4824780523777008,0.5021346211433411,-0.0218387115746736,0.4947425425052643,0.455179363489151,-0.0313839465379715,0.5028863549232483,0.4251414537429809,-0.0384253337979316,0.5097047686576843,0.4017765820026397,-0.0427563600242137,0.4931173324584961,0.5172381401062012,-0.0246194042265415,0.5047633647918701,0.4860205054283142,-0.0332582704722881,0.5114820003509521,0.4652326703071594,-0.0370487719774246,0.5168822407722473,0.4475688636302948,-0.0387736558914184,thankyou,5
0011-4f67dbbc-6dea-4683-8840-ec4a45814dc3_jpg.rf.c94b6b8ae9c10ec198d402fa002b4223.jpg,0.5333347916603088,0.5038145780563354,-2.612548541947035e-07,0.5572951436042786,0.513676106929779,-0.0107399653643369,0.5716854929924011,0.5402451753616333,-0.0306829549372196,0.5747268795967102,0.574163556098938,-0.0513454303145408,0.5748017430305481,0.6061829328536987,-0.074909932911396,0.5619469881057739,0.5047253966331482,-0.0424558147788047,0.5704659819602966,0.5562061667442322,-0.0631061717867851,0.565630316734314,0.5857338309288025,-0.0798510909080505,0.5611278414726257,0.6066153049468994,-0.0898366644978523,0.5390793681144714,0.5094553828239441,-0.0465250276029109,0.5515015721321106,0.5656211376190186,-0.0589142479002475,0.5538243055343628,0.5933150053024292,-0.063007079064846,0.5552475452423096,0.6125642657279968,-0.0682444125413894,0.5201530456542969,0.5183345675468445,-0.0494109466671943,0.5342236161231995,0.5684429407119751,-0.0579378083348274,0.5386204123497009,0.5876011252403259,-0.0555529221892356,0.5403748154640198,0.6002019643783569,-0.0553343668580055,0.5046817064285278,0.5282194018363953,-0.0536177493631839,0.5170326828956604,0.5675069093704224,-0.0565132647752761,0.524625301361084,0.585394024848938,-0.0493306182324886,0.5293399691581726,0.5983140468597412,-0.0452350005507469,yes,6
0010-441bba1f-4d02-4521-a813-c6df9ad43c85_jpg.rf.a99bc06cf7abf593ec5043f15d60aa65.jpg,0.3333706259727478,0.3340557813644409,1.9560657449346766e-07,0.3660582304000854,0.3451307117938995,-0.0137104894965887,0.403060644865036,0.3340404331684112,-0.0174895878881216,0.4144542217254638,0.3072458505630493,-0.0208102688193321,0.4072596132755279,0.2855589985847473,-0.0243380703032016,0.4136664569377899,0.2528342306613922,-0.0033312758896499,0.4386596381664276,0.2137300223112106,-0.0123184779658913,0.455998808145523,0.1861002892255783,-0.0215730592608451,0.4689371883869171,0.1622102558612823,-0.0283645763993263,0.4026596844196319,0.2377492487430572,-0.0058460542932152,0.4328639507293701,0.1953600347042083,-0.0138505455106496,0.4534105956554413,0.1671452224254608,-0.0233401283621788,0.469604343175888,0.143629565834999,-0.0300785414874553,0.3875696957111358,0.2277759909629821,-0.0107996445149183,0.418388307094574,0.1866316050291061,-0.0194270033389329,0.4411185979843139,0.1610996127128601,-0.0281369443982839,0.4589421153068542,0.1399606317281723,-0.0335453264415264,0.3655381500720978,0.222118392586708,-0.0174157619476318,0.3910852968692779,0.184738203883171,-0.0248659308999776,0.4098512828350067,0.1636868864297866,-0.0285719167441129,0.4270749092102051,0.1472207307815551,-0.0307321194559335,hello,1
0013-eb2a4bbb-baf2-4e40-ba27-ee3e8b375049_jpg.rf.bb7993e49be587620b8b0d5c0b1bb911.jpg,0.4284611940383911,0.5935105085372925,2.0290882218887418e-07,0.4021163582801819,0.5610770583152771,-0.0102816028520464,0.3910565674304962,0.5180654525756836,-0.0189313199371099,0.3862996995449066,0.4836874902248382,-0.0269419942051172,0.3744783997535705,0.459835022687912,-0.0353053174912929,0.4402307271957397,0.4870393276214599,-0.018616484478116,0.4565818607807159,0.4348463416099548,-0.0318796932697296,0.4673209190368652,0.4038072824478149,-0.0409640334546566,0.4760032296180725,0.3801437616348266,-0.0465194545686244,0.45890873670578,0.4935669600963592,-0.0221413467079401,0.4749526083469391,0.4389508962631225,-0.0333026871085166,0.4861524999141693,0.4040986895561218,-0.0409713126718997,0.4956589341163635,0.3775130212306976,-0.0457924641668796,0.4750978350639343,0.5065000057220459,-0.0265899393707513,0.4925632774829864,0.4551453292369842,-0.0363433361053466,0.5039759874343872,0.4232566356658935,-0.0428811237215995,0.5129075646400452,0.3991715312004089,-0.0467460751533508,0.4895598292350769,0.523943305015564,-0.0319008193910121,0.5043975114822388,0.485741376876831,-0.0400901958346366,0.5123066306114197,0.4610418975353241,-0.043340940028429,0.5197372436523438,0.4409742951393127,-0.0446439273655414,thankyou,5
0019-b4c7c320-f3dc-414e-b24f-06bb9ce55678_jpg.rf.b80e7d7d8db614612ddae39fb0a3fe7a.jpg,0.4821643531322479,0.6076914668083191,-2.4878409021766856e-07,0.4891273975372314,0.5681560635566711,3.4012962714768946e-05,0.5006442070007324,0.5364284515380859,-0.0033063027076423,0.5109251737594604,0.5178936719894409,-0.0075541664846241,0.5212923288345337,0.5098791122436523,-0.0102635538205504,0.5220364332199097,0.530042827129364,-0.0051927212625741,0.5414233207702637,0.5285412073135376,-0.0130954775959253,0.5330829620361328,0.5403392910957336,-0.0187084227800369,0.5213309526443481,0.5455224514007568,-0.0221505314111709,0.5310370922088623,0.5492889881134033,-0.0101006552577018,0.5447431802749634,0.5525898933410645,-0.015243075788021,0.5346889495849609,0.5613099932670593,-0.0168754197657108,0.5220788717269897,0.5637678503990173,-0.0184767711907625,0.5376062393188477,0.5708471536636353,-0.0151382582262158,0.5453153252601624,0.5743768811225891,-0.0181298442184925,0.5368033051490784,0.5817263126373291,-0.0142145343124866,0.5245245099067688,0.5839840173721313,-0.0123215531930327,0.5409303307533264,0.5927631855010986,-0.0205541923642158,0.5455548167228699,0.59613436460495,-0.0213554855436086,0.5366818904876709,0.6009982824325562,-0.0164860375225543,0.5259997248649597,0.602199375629425,-0.0127588175237178,sorry,4
0011-cb78adbf-3275-41e6-9274-898183fe4031_jpg.rf.bdc3f56972382ef0af8695dedd91194e.jpg,0.3630223274230957,0.7918598055839539,5.02812270042341e-07,0.3139923214912414,0.7255809903144836,-0.0147645846009254,0.3122848868370056,0.6352512240409851,-0.0152560491114854,0.316066563129425,0.5648108720779419,-0.0121604083105921,0.3050389289855957,0.515430212020874,-0.0069426340050995,0.3924387395381927,0.6175851225852966,0.0133236125111579,0.433773934841156,0.5520249605178833,0.0256399139761924,0.4587162137031555,0.5237957239151001,0.0316133089363575,0.4773212373256683,0.5020701885223389,0.035673264414072,0.4260012507438659,0.6411588788032532,0.0251948777586221,0.4625962376594543,0.5759776830673218,0.0460247099399566,0.4827777147293091,0.5389372110366821,0.0551615320146083,0.4992612302303314,0.5142155885696411,0.060454424470663,0.4460983872413635,0.6710373759269714,0.0351148396730423,0.4749647974967956,0.6122674942016602,0.0567609220743179,0.4935030341148376,0.57893967628479,0.0660637319087982,0.5066725015640259,0.5531371235847473,0.0698115080595016,0.459149956703186,0.7038694620132446,0.0429209843277931,0.4814565777778625,0.6609407663345337,0.0654463469982147,0.4939050674438476,0.6360413432121277,0.0792858675122261,0.5037271976470947,0.6152743697166443,0.0874082669615745,thankyou,5
0021-73cda6d4-fd61-46c7-8559-92f3605d79bb_jpg.rf.baf8edf88cc3ef0bf278b16c432bb099.jpg,0.4498039186000824,0.5855740904808044,3.237005046230479e-07,0.4230408668518066,0.5574187636375427,-0.0107298633083701,0.4127495884895324,0.5150318741798401,-0.0175422020256519,0.4085916876792907,0.4804204404354095,-0.0228226613253355,0.4005813002586365,0.4541792869567871,-0.0281352903693914,0.4500630497932434,0.4881081283092499,-0.0183698069304227,0.4628131091594696,0.4404412508010864,-0.0306335873901844,0.4722656607627868,0.4103705585002899,-0.0384246930480003,0.48131263256073,0.3878227472305298,-0.0425661876797676,0.4681144654750824,0.4939369559288025,-0.0199199207127094,0.4808135628700256,0.4417441487312317,-0.0298650879412889,0.4903232753276825,0.4077104032039642,-0.036863949149847,0.4993860125541687,0.382222056388855,-0.0410662144422531,0.4822879731655121,0.5042695999145508,-0.0221655536442995,0.4943195581436157,0.4559598267078399,-0.0314306616783142,0.5024532675743103,0.4251714944839477,-0.038049578666687,0.5093955993652344,0.4013634324073791,-0.0419692732393741,0.4938192069530487,0.5186299681663513,-0.0249501820653677,0.5053839087486267,0.4854560792446136,-0.0327802933752536,0.5120486617088318,0.4641662240028381,-0.0359317362308502,0.517741322517395,0.446110188961029,-0.0372058451175689,thankyou,5
0016-e72590fc-5246-46a0-9946-7b324e50c925_jpg.rf.a6f761c8388ce6884107bffeb4c5c214.jpg,0.4033181667327881,0.5105271935462952,-2.0400447908741626e-07,0.4266536831855774,0.5013970136642456,-0.0073942723684012,0.4460055828094482,0.4711140096187591,-0.0090410150587558,0.4536983966827392,0.4432782530784607,-0.0118075739592313,0.448790967464447,0.4203309416770935,-0.0132558615878224,0.4298646748065948,0.4252507090568542,0.0034878987353295,0.4381614625453949,0.4042806923389435,-0.0098338639363646,0.4387920796871185,0.4297891855239868,-0.0185989588499069,0.4345664083957672,0.452743649482727,-0.021218417212367,0.4168489575386047,0.4244192838668823,0.0022191104944795,0.4257590770721435,0.4060943722724914,-0.0113749587908387,0.4259925186634063,0.4366254210472107,-0.0161318816244602,0.4219417870044708,0.4608584940433502,-0.0148624442517757,0.4019182324409485,0.4274966716766357,-0.001578772207722,0.4112992286682129,0.4113829433917999,-0.0165284033864736,0.4125253856182098,0.44077929854393,-0.0146593516692519,0.4090847969055176,0.4642833471298218,-0.0082269292324781,0.3847588002681732,0.4342221319675445,-0.0060532335191965,0.395947128534317,0.42240971326828,-0.0174339823424816,0.4001250863075256,0.4442901313304901,-0.0147496061399579,0.3990645706653595,0.463437408208847,-0.0087711792439222,yes,6
0002-747677bf-4c49-4a58-a428-cd9ca1cfc475_jpg.rf.cad3a1e17b628b36516356dec978c458.jpg,0.346543550491333,0.3020896017551422,1.357517760425253e-07,0.3687233328819275,0.3027490377426147,0.0019507203251123,0.3858904540538788,0.2863018810749054,0.0049708513543009,0.3990303874015808,0.2751089036464691,0.0056869778782129,0.4119570553302765,0.2663745880126953,0.006746232509613,0.376815527677536,0.2441695928573608,0.0173287466168403,0.3955991268157959,0.2261342257261276,0.0160783361643552,0.411219984292984,0.2118470519781112,0.0116209164261817,0.4232814013957977,0.2002076208591461,0.0080397734418511,0.3749303519725799,0.2403383404016494,0.012247385457158,0.3945104479789734,0.2213161438703537,0.0124405911192297,0.4103485941886902,0.2074344605207443,0.0080924089998006,0.4244031310081482,0.194827914237976,0.0042583546601235,0.3751741647720337,0.2386225312948227,0.0057149273343384,0.3946100175380707,0.2195510417222976,0.0053451145067811,0.4105605483055115,0.2060673236846923,0.0032433664891868,0.4234582185745239,0.1943994164466858,0.0015584275824949,0.3778356611728668,0.2389576882123947,-0.0016259698895737,0.3953037559986114,0.2202583402395248,-0.0012658959021791,0.4080145359039306,0.2081418931484222,-6.646454858127981e-05,0.4188990592956543,0.1986278891563415,0.000621473242063,hello,1
0011-2decbfbd-1ede-494f-a135-25d296fb0392_jpg.rf.bdb6cbe8d45ed37ee985e16f6b8d492d.jpg,0.429832398891449,0.6412285566329956,2.180047005140296e-07,0.4258910417556762,0.5983908772468567,-0.0084288232028484,0.4332354068756103,0.5528584122657776,-0.0126846944913268,0.4429675936698913,0.5170287489891052,-0.0163301993161439,0.4475841820240021,0.4879359304904938,-0.0198696032166481,0.4610492587089538,0.5599111914634705,-0.0110305342823266,0.4889222681522369,0.5342695116996765,-0.0217805318534374,0.507577121257782,0.521345317363739,-0.0291427727788686,0.5227873921394348,0.5121833682060242,-0.034289177507162,0.4734282195568084,0.5789153575897217,-0.014099221676588,0.5007469058036804,0.554597020149231,-0.0228525456041097,0.5190421342849731,0.5392146706581116,-0.0291341207921504,0.5338599681854248,0.5274044871330261,-0.0339464209973812,0.4809301197528839,0.6018449664115906,-0.0183539241552352,0.5064614415168762,0.580211877822876,-0.0288282725960016,0.5234652161598206,0.5645681619644165,-0.0333178900182247,0.5375187397003174,0.5514969229698181,-0.0361425541341304,0.4848330020904541,0.627308189868927,-0.0229893215000629,0.5048761367797852,0.6169134378433228,-0.0336721315979957,0.5185166001319885,0.606643795967102,-0.0367678068578243,0.5312868356704712,0.5968388915061951,-0.0381180979311466,please,3
0010-45c40228-fbeb-4110-b070-4b4191fe5a82_jpg.rf.90b28cf4934c8e517ab60e396ed63f10.jpg,0.4318917989730835,0.6311384439468384,1.4228035638552686e-07,0.4088890254497528,0.588647186756134,-0.005364479497075,0.4009260833263397,0.53857421875,-0.011104098521173,0.3971563279628753,0.499935895204544,-0.0172592885792255,0.3875077962875366,0.4740017056465149,-0.0239413268864154,0.4387045502662658,0.5209988355636597,-0.0134655823931097,0.4550569057464599,0.4676105380058288,-0.025873128324747,0.4661275744438171,0.4347870051860809,-0.0341233350336551,0.4741548597812652,0.4095219671726227,-0.0391680896282196,0.4575905501842499,0.5295759439468384,-0.0194836240261793,0.4745230376720428,0.4732453227043152,-0.0306524261832237,0.4861564040184021,0.435440182685852,-0.038492627441883,0.4958558976650238,0.4051983058452606,-0.043618157505989,0.4745152294635772,0.5433158278465271,-0.0259862951934337,0.4912503957748413,0.4900376498699188,-0.0357360728085041,0.5028214454650879,0.4570311605930328,-0.0414217934012413,0.5117595195770264,0.4313835799694061,-0.044702935963869,0.4901619851589203,0.5605493783950806,-0.0329483300447464,0.5048590302467346,0.5212454199790955,-0.0404486507177352,0.5137161016464233,0.4963918030261993,-0.0424442701041698,0.5220540165901184,0.4761768877506256,-0.0430253222584724,thankyou,5
0020-8177849c-367c-4b3a-aca7-87a104bd63d9_jpg.rf.d98d44149820731e721e76d7ae5742ee.jpg,0.3938949406147003,0.5863929986953735,-8.972708087640059e-08,0.4098708629608154,0.5762463808059692,-0.0103397108614444,0.424040675163269,0.5461264848709106,-0.0167238246649503,0.4340089857578277,0.5252106785774231,-0.0232234764844179,0.4347501993179321,0.5045850276947021,-0.0270768441259861,0.4005662798881531,0.4845618605613708,-0.0060614957474172,0.4111863076686859,0.4672566056251526,-0.0235465634614229,0.4179930090904236,0.4907161593437195,-0.032176423817873,0.4147131145000458,0.5120955109596252,-0.034122172743082,0.379801869392395,0.4897515773773193,-0.0088007003068923,0.3919205367565155,0.4807034432888031,-0.0244258362799882,0.4038520157337188,0.5135536789894104,-0.0272518042474985,0.4043898582458496,0.5316412448883057,-0.0249543245881795,0.3621045351028442,0.5052462816238403,-0.0142433959990739,0.3782803118228912,0.5070006847381592,-0.0308159124106168,0.3899670243263244,0.5355249047279358,-0.0268180537968873,0.3885271251201629,0.5488065481185913,-0.019699104130268,0.3475038409233093,0.5277949571609497,-0.0206409394741058,0.3644097447395324,0.5316116213798523,-0.0307657811790704,0.3752854168415069,0.5524695515632629,-0.0257486030459404,0.374485433101654,0.5622760653495789,-0.0188780706375837,yes,6
0018-9d3e845e-83b4-4b86-bebe-7e78ad70f08b_jpg.rf.b00bfe225ca1a9a7ede9ea8c93086c78.jpg,0.3564668297767639,0.3893640637397766,1.5256840413258033e-07,0.3836102485656738,0.3939639627933502,-0.0049756742082536,0.4084483683109283,0.3705174028873443,-0.0032275756821036,0.4240903556346893,0.3484255075454712,-0.0018530749948695,0.437485784292221,0.3377914726734161,-0.000278509221971,0.4106788337230682,0.3037125170230865,0.0055394666269421,0.4275180101394653,0.2705312073230743,0.0018898510606959,0.4380127191543579,0.2495716959238052,-0.0033656205050647,0.4459593594074249,0.2307924330234527,-0.0079057971015572,0.3988793194293976,0.2899422645568847,0.0018431857461109,0.4157029986381531,0.2480187565088272,-0.0027815403882414,0.427471399307251,0.2223497182130813,-0.0088326688855886,0.4369615018367767,0.2011821269989013,-0.0127756064757704,0.3843047022819519,0.2828661203384399,-0.0034908158704638,0.4004670679569244,0.2402463853359222,-0.0102613782510161,0.4134562015533447,0.2129041105508804,-0.0172046069055795,0.4239997267723083,0.1897468268871307,-0.0209649894386529,0.3659868240356445,0.2834304273128509,-0.0095232808962464,0.3790843188762665,0.2456587105989456,-0.0153186954557895,0.3893840909004211,0.2224416136741638,-0.0180976744741201,0.3992740511894226,0.2026553303003311,-0.0194536354392766,hello,1
0009-8f7b5ec7-424a-457d-9b08-b9fd3583e6e9_jpg.rf.d7d6b6a746a9e3f53809abcb779fa4e3.jpg,0.4848637282848358,0.5960425734519958,-2.623175419103063e-07,0.4877090454101562,0.5555167198181152,-0.0025654314085841,0.5057833194732666,0.5163122415542603,-0.0046545788645744,0.5192627310752869,0.4881181716918945,-0.0067753102630376,0.5193468332290649,0.4667825400829315,-0.0075824842788279,0.526389479637146,0.5225516557693481,-0.0065703531727194,0.5429107546806335,0.5123022794723511,-0.0144071578979492,0.5343124270439148,0.5198058485984802,-0.0194239597767591,0.5241277813911438,0.5253490805625916,-0.0220878962427377,0.5351600050926208,0.5434151887893677,-0.0094766039401292,0.5471845865249634,0.5329456925392151,-0.0133904870599508,0.5382621884346008,0.536840558052063,-0.0147859705612063,0.5288509130477905,0.5419039130210876,-0.0166780408471822,0.5408771634101868,0.5643770694732666,-0.0127286799252033,0.5496450066566467,0.5550493597984314,-0.0169655978679656,0.5412582755088806,0.5577514171600342,-0.0140502657741308,0.5315906405448914,0.5632085800170898,-0.0122785624116659,0.5441287159919739,0.5847538709640503,-0.0161185804754495,0.5510869026184082,0.5757797956466675,-0.0182930547744035,0.5433875322341919,0.5766556859016418,-0.0139488568529486,0.5353882908821106,0.5804169774055481,-0.0103694796562194,sorry,4
0017-76ea49d6-4224-41d9-b752-e6283ecff994_jpg.rf.ba0e4bbf584850e23c12bb5b70add894.jpg,0.3599543273448944,0.3757578432559967,-2.2683146028157358e-07,0.38701993227005,0.3592311143875122,-0.0008365568937733,0.4054852724075317,0.3350127041339874,-0.0033723362721502,0.4180069863796234,0.3125610947608948,-0.009442500770092,0.4337541162967682,0.2948248088359833,-0.0140641536563634,0.3906343281269073,0.2962260544300079,0.0110249081626534,0.400719940662384,0.2652746737003326,-0.0011431820457801,0.4098473489284515,0.2843797504901886,-0.0112961055710911,0.4069258570671081,0.3024009466171264,-0.0158864203840494,0.3814361691474914,0.2939020991325378,0.0054520857520401,0.391942411661148,0.2633296251296997,-0.0047485404647886,0.4015572071075439,0.2859106063842773,-0.0118776354938745,0.3984255194664001,0.3058266937732696,-0.0146133471280336,0.3693419992923736,0.2931036353111267,-0.0023065700661391,0.3806204795837402,0.2655115127563476,-0.0126188173890113,0.3923484683036804,0.2867350876331329,-0.0131008680909872,0.3920320868492126,0.3075171113014221,-0.0103581249713897,0.3548497557640075,0.2947586178779602,-0.0105782840400934,0.3662072718143463,0.2728610038757324,-0.0178283844143152,0.3798175156116485,0.2857070565223694,-0.0160025767982006,0.3831318020820617,0.3030122220516205,-0.0123927984386682,bye,0
0018-1d2c8670-d59f-4b9f-a992-099c5535f4e1_jpg.rf.b9630d614e9bdce0a7439c8b3942cebd.jpg,0.300138384103775,0.2201125770807266,2.379000534347142e-07,0.3251541554927826,0.2108404040336609,-0.0150066250935196,0.3405725359916687,0.1860295981168747,-0.0221362356096506,0.3436503112316131,0.1623753309249878,-0.0287162940949201,0.3423619866371155,0.1419738233089447,-0.0348821133375167,0.3380853235721588,0.135803684592247,-0.0101699093356728,0.3506498336791992,0.0981822907924652,-0.0231581516563892,0.359140396118164,0.0733578279614448,-0.0342778898775577,0.3647661805152893,0.0522491261363029,-0.0414511822164058,0.3248133659362793,0.1293960213661193,-0.011150580830872,0.3387209475040436,0.0865404233336448,-0.0228845886886119,0.3471302390098572,0.0572782456874847,-0.0325955748558044,0.3535200655460357,0.0324193015694618,-0.0386852584779262,0.3107423186302185,0.1276548355817794,-0.0144962472841143,0.3241729140281677,0.0857689976692199,-0.0249813068658113,0.3322114050388336,0.0575746446847915,-0.0320323184132576,0.3381808698177337,0.033858984708786,-0.0357181876897811,0.2948194742202759,0.1306912004947662,-0.0195619333535432,0.3054940700531006,0.0961835831403732,-0.028426207602024,0.3128395676612854,0.0728864595293998,-0.0323583595454692,0.3193669617176056,0.0527292937040329,-0.034087236970663,hello,1
0013-14b1d324-9a7a-4483-9426-8d547a520d99_jpg.rf.c8e617752f4aa5960011a23599035508.jpg,0.4653513133525848,0.6333379745483398,-2.541858634685923e-07,0.4722714126110077,0.5930628776550293,9.043546015163884e-05,0.4838144183158874,0.562322735786438,-0.0035147704184055,0.4952221214771271,0.5472033619880676,-0.008026260882616,0.5041468739509583,0.5408837199211121,-0.0111407209187746,0.5028731226921082,0.5574989914894104,-0.0069932444021105,0.5192891359329224,0.5538161993026733,-0.0153558850288391,0.512112021446228,0.5677808523178101,-0.0217311643064022,0.5020201206207275,0.5725256204605103,-0.0260555930435657,0.5120171904563904,0.5777272582054138,-0.0129354698583483,0.5261971354484558,0.5816224217414856,-0.0174585543572902,0.515766978263855,0.5912575721740723,-0.0191996861249208,0.5037547945976257,0.5923069715499878,-0.021584091708064,0.5181321501731873,0.6003769636154175,-0.0188400000333786,0.5258618593215942,0.605418860912323,-0.0215450804680585,0.5167784094810486,0.6118195652961731,-0.0177797190845012,0.5060374736785889,0.6123015880584717,-0.0166450794786214,0.5206747055053711,0.6233593225479126,-0.0251321960240602,0.5244686603546143,0.6278598308563232,-0.0253178402781486,0.5147945880889893,0.632988691329956,-0.0195824392139911,0.5057597756385803,0.6338632702827454,-0.0157866291701793,sorry,4
0014-7f3e4c87-5fe6-42e9-9b59-2a717fec5b6f_jpg.rf.d07554ad120a8b9714f5cced8c57bd89.jpg,0.4445559680461883,0.3834119141101837,6.120394147046683e-08,0.460930198431015,0.3721632957458496,-0.0070576071739196,0.4688866138458252,0.3488794267177582,-0.009935425594449,0.4728719592094421,0.3308004438877105,-0.0127862198278307,0.4817801117897033,0.3203987181186676,-0.0155944786965847,0.4613776504993438,0.3148063719272613,-0.0033401490654796,0.4615455269813537,0.2876524031162262,-0.0097468923777341,0.4615648090839386,0.2726331055164337,-0.0154661769047379,0.4617988765239715,0.2611128389835357,-0.0195176005363464,0.4496154487133026,0.3143198490142822,-0.0050550876185297,0.4480021595954895,0.28656205534935,-0.0106662223115563,0.4474549889564514,0.2713558971881866,-0.0157017242163419,0.4478844106197357,0.2595853507518768,-0.019000319764018,0.4383522868156433,0.3187490105628967,-0.0080365985631942,0.4360134303569793,0.2934968173503876,-0.0142772430554032,0.4358924925327301,0.2799120247364044,-0.0167809892445802,0.4371018707752228,0.2697484493255615,-0.0181047171354293,0.4266541600227356,0.3279810845851898,-0.0118846669793128,0.4246660470962524,0.3101612627506256,-0.0172418076545,0.4258238077163696,0.3004297018051147,-0.0175240952521562,0.4276191890239715,0.2929346561431885,-0.0171012878417968,no,2
0008-9c018fde-1f0e-4ad3-b02a-e195d63e2b50_jpg.rf.f343e7fbdead586406b72ffc7525e13c.jpg,0.4524013996124267,0.8482874631881714,8.712580523706492e-08,0.4491873383522033,0.8043692111968994,-0.0023301178589463,0.4669345915317535,0.7632654309272766,-0.0044614649377763,0.488639235496521,0.735324501991272,-0.0058982619084417,0.5014018416404724,0.7139040231704712,-0.0070314751937985,0.4923039972782135,0.7700337767601013,-0.0117532694712281,0.524561882019043,0.7429292798042297,-0.0183095782995224,0.5435174107551575,0.7296939492225647,-0.0215441025793552,0.5570049285888672,0.7206643223762512,-0.0232949331402778,0.5047681331634521,0.7913455963134766,-0.0151911992579698,0.5369390249252319,0.7636822462081909,-0.018944026902318,0.5550947785377502,0.7475112676620483,-0.0204650126397609,0.5684140920639038,0.7359932065010071,-0.0219692289829254,0.5116196274757385,0.8151140809059143,-0.0183464400470256,0.5423774719238281,0.7898505330085754,-0.0218462031334638,0.5592105388641357,0.7748662233352661,-0.0212094131857156,0.5726400017738342,0.7639060020446777,-0.0212538447231054,0.5150979161262512,0.840298056602478,-0.0214050319045782,0.5365870594978333,0.8246725797653198,-0.024765932932496,0.5489781498908997,0.8132911920547485,-0.0226739291101694,0.5594047904014587,0.8038532733917236,-0.0206319708377122,please,3
0008-50712222-19e7-428e-96c6-00a038c16693_jpg.rf.fae8beb59211ef58f239080029134c42.jpg,0.3896064758300781,0.5003901720046997,-8.46935677145666e-08,0.4220239222049713,0.4928157329559326,-0.0198196731507778,0.4462001621723175,0.4986348152160644,-0.0418446026742458,0.4577766954898834,0.5267716646194458,-0.0633416771888732,0.4471955001354217,0.5598145723342896,-0.0857053846120834,0.4122048914432525,0.4374469220638275,-0.0431406386196613,0.4282472133636474,0.4834016263484955,-0.0663486346602439,0.4346076846122741,0.4962111413478851,-0.0839618742465972,0.4338596165180206,0.4940870106220245,-0.0959770828485488,0.3821929097175598,0.454563170671463,-0.0457001291215419,0.41179159283638,0.5176145434379578,-0.059589684009552,0.418201208114624,0.5243368744850159,-0.0637386068701744,0.4140818417072296,0.5146434903144836,-0.0707516446709632,0.359423965215683,0.4756584763526916,-0.0493995249271392,0.3928021788597107,0.534519612789154,-0.0589779913425445,0.3975492119789123,0.5362342596054077,-0.0555890351533889,0.3914740681648254,0.5236622095108032,-0.055710069835186,0.3429237008094787,0.4962247610092163,-0.0562310293316841,0.3714723587036133,0.5410774350166321,-0.0607635229825973,0.3784723579883575,0.543700635433197,-0.0563150346279144,0.3755039274692535,0.535027027130127,-0.054591529071331,yes,6
0010-31b8d600-8ae4-4fc8-8655-5b6ac2725fe9_jpg.rf.cea5f5083d31c45770327127fd7098c2.jpg,0.4722429811954498,0.714745044708252,-3.711608087542118e-07,0.4671372175216675,0.6614365577697754,-0.0050865039229393,0.4836620688438415,0.612212598323822,-0.0088133765384554,0.5024062395095825,0.5787814855575562,-0.0130090685561299,0.5091429948806763,0.551023006439209,-0.015376441180706,0.5320279598236084,0.6241365671157837,-0.0031400634907186,0.5472029447555542,0.5985364317893982,-0.0110073816031217,0.5273519158363342,0.6065459847450256,-0.0187361184507608,0.511738121509552,0.6180344820022583,-0.0236032102257013,0.5459827184677124,0.6496343612670898,-0.0059074559248983,0.5513395667076111,0.6296200752258301,-0.0084433890879154,0.5342726707458496,0.6372883319854736,-0.0114349136129021,0.5234917998313904,0.6482381820678711,-0.0147387785837054,0.551899790763855,0.6774094700813293,-0.0094097349792718,0.5546609163284302,0.6604716777801514,-0.0120779005810618,0.5394536256790161,0.665816068649292,-0.0091666728258132,0.52669358253479,0.67531818151474,-0.0082468511536717,0.5527241826057434,0.7053027153015137,-0.0134645588696002,0.5551648736000061,0.6913391947746277,-0.0145408799871802,0.5421563982963562,0.6934621930122375,-0.0088332556188106,0.5317285060882568,0.7003147006034851,-0.0043644192628562,sorry,4
0015-818d7e66-1f56-4014-aa03-bd3e5d023eae_jpg.rf.fafb01859b7d935322d2d38d852d3250.jpg,0.4504919350147247,0.5517647862434387,3.675735342767439e-07,0.4144000113010406,0.5193659663200378,-0.0117150796577334,0.3920161724090576,0.4811800122261047,-0.0250225160270929,0.3754779696464538,0.4491905868053436,-0.0372875444591045,0.3573806881904602,0.4276463687419891,-0.0501739643514156,0.4397142231464386,0.4417645633220672,-0.0295451208949089,0.4569679498672485,0.3837261795997619,-0.0465817302465438,0.4679217040538788,0.3489307761192322,-0.0574318468570709,0.4767946898937225,0.32234987616539,-0.063403271138668,0.4655351936817169,0.4475962519645691,-0.0339148789644241,0.4813889265060425,0.3827031850814819,-0.0478495992720127,0.4912050068378448,0.3418910503387451,-0.0559882260859012,0.4988939166069031,0.3105435967445373,-0.0611432939767837,0.4879153966903686,0.4584520161151886,-0.0386979058384895,0.5024027228355408,0.3961836099624634,-0.050257384777069,0.5117819905281067,0.3565897941589355,-0.0568281412124633,0.5187574625015259,0.3268503248691559,-0.0607923157513141,0.5076585412025452,0.472215324640274,-0.0441098846495151,0.5205308198928833,0.425008088350296,-0.0539065152406692,0.5268078446388245,0.3940722942352295,-0.0571203008294105,0.531355619430542,0.3680823147296905,-0.0582008101046085,thankyou,5
0010-3f372c78-cf9f-450f-9ea3-f9413fe27c49_jpg.rf.fc0ccc684c20886d9ea13f46b95dee4d.jpg,0.4727967083454132,0.4638956785202026,2.3613472421857298e-07,0.4512972235679626,0.4427186846733093,-0.0067691565491259,0.4434772729873657,0.4116746783256531,-0.012384102679789,0.4419995844364166,0.3852618634700775,-0.0171749182045459,0.4356120824813843,0.3650479018688202,-0.0222789738327264,0.4693647027015686,0.3905144929885864,-0.0140715893357992,0.4797936081886291,0.3544984757900238,-0.023196056485176,0.4868474304676056,0.3305414021015167,-0.0293014049530029,0.4925293624401092,0.312292218208313,-0.0330948680639267,0.4855973422527313,0.3952348828315735,-0.0167959462851285,0.4972817897796631,0.3565020263195038,-0.0244872644543647,0.5056586265563965,0.330113023519516,-0.0304968152195215,0.5131233334541321,0.3086263537406921,-0.0344898551702499,0.4999221563339233,0.4052180647850036,-0.0197315420955419,0.5124979019165039,0.3695854842662811,-0.0270503833889961,0.5200735330581665,0.3456104099750519,-0.0322157889604568,0.5264743566513062,0.3259556591510772,-0.0355138927698135,0.5130414962768555,0.4194735586643219,-0.0228914692997932,0.523307740688324,0.3944711983203888,-0.0296359751373529,0.527756929397583,0.3773683905601501,-0.0319936759769916,0.5317815542221069,0.3625520169734955,-0.0328695513308048,thankyou,5
0020-ef127ea8-7aea-4238-bc5c-e0df0cfdae78_jpg.rf.cf90b2e24813005f05dcb319fe66b4a6.jpg,0.4565655887126922,0.4135710895061493,2.007856068075853e-07,0.4495333135128021,0.3885862529277801,-0.0014505239669233,0.4498112797737121,0.3604616820812225,-0.0056200660765171,0.4509181082248688,0.3398822844028473,-0.0104753756895661,0.4502103328704834,0.3225554525852203,-0.0157814864069223,0.4674703776836395,0.341579258441925,-0.0094376299530267,0.4875624775886535,0.313389390707016,-0.0183257572352886,0.5004605054855347,0.2974394261837005,-0.024042597040534,0.510572612285614,0.2849892973899841,-0.027429811656475,0.4765594601631164,0.3484294712543487,-0.014945063740015,0.4998441636562347,0.3181341290473938,-0.0221391655504703,0.5147809982299805,0.2998117208480835,-0.0268023796379566,0.5266447067260742,0.285060703754425,-0.0300866663455963,0.4857696294784546,0.3598759174346924,-0.02064642123878,0.5069026350975037,0.3322252333164215,-0.0263229962438344,0.5191502571105957,0.3162801563739776,-0.028853079304099,0.5282927751541138,0.3033422827720642,-0.0306542087346315,0.4951240420341491,0.374865710735321,-0.0265709944069385,0.5099900960922241,0.3524848818778991,-0.0305751059204339,0.5188822150230408,0.3384972512722015,-0.0309719946235418,0.5267623066902161,0.32679083943367,-0.0310404654592275,thankyou,5
0018-6c24d4d3-e157-4edc-9cc7-5f998040601c_jpg.rf.f2905450190f605b35b67ef241eb5143.jpg,0.6351434588432312,0.7880250811576843,5.579178452563838e-09,0.6453335285186768,0.73581463098526,0.0054219802841544,0.6388811469078064,0.6832724809646606,0.0021946742199361,0.6379488110542297,0.6401267647743225,-0.0031190400477498,0.6462805271148682,0.6091347932815552,-0.0089219314977526,0.5903012156486511,0.6894100904464722,0.0033677069004625,0.5810152292251587,0.6745110750198364,0.0048019266687333,0.5948014855384827,0.6855753660202026,0.0018197213066741,0.6044424772262573,0.6953036189079285,-0.0013728549238294,0.5735127925872803,0.71707683801651,-0.0025390384253114,0.573735773563385,0.7049052715301514,0.0075859203934669,0.5876840353012085,0.7116145491600037,0.0075152786448597,0.5959066152572632,0.7208381295204163,0.0027258482296019,0.5647752285003662,0.747682511806488,-0.0073567135259509,0.5689001083374023,0.7342662215232849,0.003651067847386,0.5815545320510864,0.738720178604126,0.006886342074722,0.589047372341156,0.7467864751815796,0.0037497212179005,0.560771644115448,0.7742070555686951,-0.0119897667318582,0.5640236139297485,0.7624803781509399,-0.0009707196149975,0.5752123594284058,0.7653325796127319,0.0078329779207706,0.5821550488471985,0.772183895111084,0.0114588700234889,sorry,4
0011-c9764924-7833-40a7-a081-74c07e0e995b_jpg.rf.fa297bb74be390b63563354a1980c8a1.jpg,0.4934684038162231,0.6000516414642334,-2.2374993591256498e-07,0.4979650378227234,0.561699628829956,0.0006315091741271,0.5085006356239319,0.5312461256980896,-0.0026869040448218,0.5183741450309753,0.5129300951957703,-0.0071203219704329,0.5271564722061157,0.5013369917869568,-0.0100730564445257,0.5292490124702454,0.5188127160072327,-0.003830631962046,0.549297571182251,0.5154492855072021,-0.0117746395990252,0.5428450703620911,0.5275611281394958,-0.0179058108478784,0.5329209566116333,0.5344423055648804,-0.0215816460549831,0.5394851565361023,0.5373955368995667,-0.0089483866468071,0.5562965869903564,0.5387070775032043,-0.0127748074010014,0.5476003885269165,0.5485519170761108,-0.0139349941164255,0.5365621447563171,0.5527717471122742,-0.0155395716428756,0.5472422242164612,0.5591177344322205,-0.0143468398600816,0.5594401955604553,0.5610008239746094,-0.016833471134305,0.5518013834953308,0.5700828433036804,-0.0125850960612297,0.5403278470039368,0.5746066570281982,-0.0105718253180384,0.5518915057182312,0.581505537033081,-0.0200842041522264,0.5613546967506409,0.5832412242889404,-0.0203470177948474,0.554572343826294,0.5898682475090027,-0.0150176016613841,0.5455239415168762,0.5927504897117615,-0.011075135320425,sorry,4
